track_id,frame_idx,timestamp,collision_risk,near_miss_risk,abrupt_brake_risk,mean_composite_risk,smoothed_risk,num_samples
1,0,0.0,0.0,0.6036451945994699,0.0,0.18109355837984095,0.18109355837984095,5
1,1,0.0,0.0,0.6855946791673562,0.0,0.20567840375020685,0.1884690119909507,5
1,2,0.0,0.0,0.0,0.0,0.0,0.13192830839366548,5
1,3,0.0,0.0,0.86417945900747,0.0,0.259253837702241,0.17012596718623813,5
1,4,0.0,0.0,0.0,0.0,0.0,0.11908817703036668,5
1,5,0.0,0.0,0.8915825917799207,0.0,0.2674747775339762,0.16360415718144955,5
1,6,0.0,0.0,0.8891776288782529,0.0,0.26675328866347586,0.19454889662605743,5
1,7,0.0,0.0,0.0,0.0,0.0,0.1361842276382402,5
1,8,0.0,0.0,0.0,0.0,0.0,0.09532895934676813,5
1,9,0.0,0.0,0.7882672509805613,0.0,0.23648017529416837,0.13767432413098818,5
1,10,0.0,0.0,0.6826419314996169,0.0,0.20479257944988505,0.15780980072665723,5
1,11,0.0,0.0,0.5650552001242748,0.0,0.1695165600372824,0.16132182851984478,5
1,12,0.0,0.0,0.3641816036294405,0.0,0.10925448108883215,0.14570162429054098,5
1,13,0.0,0.3212410156050328,0.2621940465833437,0.0,0.23927872177751955,0.17377475353663455,5
1,14,0.0,0.3440630208337205,0.7906806304815974,0.0,0.4092356995613395,0.244413037344046,5
1,18,0.0,0.0,0.4374715547714505,0.0,0.13124146643143514,0.21046156607026273,5
1,19,0.0,0.0,0.0,0.0,0.0,0.1473230962491839,5
1,20,0.0,0.0,0.7295911494265455,0.0,0.2188773448279636,0.1687893708228178,5
1,21,0.0,0.0,0.0,0.0,0.0,0.11815255957597245,5
1,22,0.0,0.0,0.0,0.0,0.0,0.08270679170318071,5
1,107,0.0,0.2697747425163844,0.8847223867566992,0.0,0.40030408728520195,0.17798598037778707,5
1,108,0.0,0.0,0.8289428775917331,0.0,0.2486828632775199,0.19919504524770693,5
1,109,0.0,0.0,0.7557697231525856,0.0,0.22673091694577568,0.20745580675712755,5
1,163,0.0,0.0,0.6765765982960108,0.0,0.2029729794888032,0.20611095857663023,5
1,165,0.0,0.0,0.6819733831377236,0.0,0.2045920149413171,0.20565527548603627,5
1,166,0.0,0.0,0.8491469902346707,0.0,0.2547440970704012,0.22038192196134576,5
2,0,0.0,0.0,0.8526831524073681,0.0,0.25580494572221046,0.25580494572221046,5
2,1,0.0,0.0,0.8706654968241315,0.0,0.2611996490472394,0.25742335671971917,5
2,3,0.0,0.0,0.9014965291844519,0.0,0.2704489587553355,0.2613310373304041,5
2,5,0.0,0.0,0.9923902104577331,0.0,0.29771706313731994,0.2722468450724788,5
2,6,0.0,0.07298116822600113,0.0,0.0,0.03649058411300057,0.20151996678463535,5
2,14,0.0,0.0,0.9846795825977438,0.0,0.2954038747793232,0.22968513918304168,5
2,16,0.0,0.0,0.0,0.0,0.0,0.16077959742812917,5
3,0,0.0,0.3733057717360636,0.0,0.0,0.1866528858680318,0.1866528858680318,5
3,1,0.0,0.06698870118555071,0.0,0.0,0.033494350592775356,0.14070532528545487,5
3,2,0.0,0.0,0.8906714738786118,0.0,0.2672014421635835,0.17865416034889345,5
3,3,0.0,0.0,0.6429463277056934,0.0,0.19288389831170805,0.18292308173773783,5
3,21,0.0,0.0,0.735694435952449,0.0,0.2207083307857347,0.19425865645213686,5
3,25,0.0,0.0,0.0,0.0,0.0,0.13598105951649578,5
3,119,0.0,0.0,0.09579236161814461,0.0,0.02873770848544338,0.10380805420718006,5
3,120,0.0,0.0,0.06419212601728189,0.0,0.019257637805184562,0.0784429292865814,5
3,121,0.0,0.0,0.046403627318312914,0.0,0.013921088195493874,0.059086376959255144,5
3,122,0.0,0.0,0.0,0.0,0.0,0.0413604638714786,5
3,123,0.0,0.0,0.0,0.0,0.0,0.028952324710035015,5
3,124,0.0,0.0,0.0,0.0,0.0,0.020266627297024508,5
3,152,0.0,0.0,0.44540202412475416,0.0,0.13362060723742625,0.054272821279145025,5
3,153,0.0,0.0,0.0,0.0,0.0,0.037990974895401514,5
3,155,0.0,0.0,0.5251354266497463,0.0,0.15754062799492385,0.07385587082525821,5
3,156,0.0,0.0,0.522110783334983,0.0,0.15663323500049492,0.09868908007782923,5
3,157,0.0,0.0,0.5172190368392557,0.0,0.1551657110517767,0.11563206937001347,5
3,158,0.0,0.0,0.5219962606870039,0.0,0.15659887820610113,0.12792211202083975,5
4,0,0.0,0.0,0.7602771556796835,0.0,0.228083146703905,0.228083146703905,5
4,1,0.0,0.0,0.7613558221107267,0.0,0.22840674663321794,0.22818022668269886,5
4,2,0.0,0.0,0.7521935497573351,0.0,0.22565806492720047,0.22742357815604936,5
4,3,0.0,0.0,0.7578784602250968,0.0,0.22736353806752901,0.22740556612949325,5
4,7,0.0,0.0,0.7678902348452207,0.0,0.23036707045356622,0.22829401742671512,5
4,8,0.0,0.0,0.765264367473381,0.0,0.22957931024201428,0.22867960527130488,5
4,9,0.0,0.0,0.7592853186988686,0.0,0.2277855956096606,0.2284114023728116,5
4,10,0.0,0.0,0.7610025976673976,0.0,0.22830077930021933,0.2283782154510339,5
4,11,0.0,0.0,0.7602718006968565,0.0,0.22808154020905694,0.22828921287844078,5
4,12,0.0,0.0,0.7641599797311596,0.0,0.22924799391934786,0.2285768471907129,5
4,13,0.0,0.0,0.8469779258931294,0.0,0.25409337776793883,0.23623180636388066,5
4,18,0.0,0.22215834152160988,0.0,0.0,0.11107917076080494,0.19868601568295796,5
4,20,0.0,0.0,0.7574002755477129,0.0,0.22722008266431387,0.20724623577736473,5
4,26,0.0,0.0,0.0,0.0,0.0,0.1450723650441553,5
4,28,0.0,0.0,0.0,0.0,0.0,0.10155065553090871,5
4,29,0.0,0.0,0.0,0.0,0.0,0.07108545887163609,5
4,30,0.0,0.0,0.0,0.0,0.0,0.04975982121014526,5
4,31,0.0,0.0,0.0,0.0,0.0,0.03483187484710168,5
4,32,0.0,0.0,0.0,0.0,0.0,0.024382312392971173,5
4,33,0.0,0.0,0.0,0.0,0.0,0.017067618675079818,5
4,34,0.0,0.0,0.0,0.0,0.0,0.011947333072555872,5
4,35,0.0,0.0,0.0,0.0,0.0,0.00836313315078911,5
4,36,0.0,0.0,0.0,0.0,0.0,0.005854193205552377,5
4,37,0.0,0.0,0.0,0.0,0.0,0.004097935243886664,5
4,40,0.0,0.0,0.0,0.0,0.0,0.0028685546707206645,5
4,41,0.0,0.0,0.0,0.0,0.0,0.0020079882695044652,5
4,42,0.0,0.0,0.0,0.0,0.0,0.0014055917886531255,5
4,43,0.0,0.0,0.0,0.0,0.0,0.0009839142520571879,5
4,44,0.0,0.0,0.3130978900095908,0.0,0.09392936700287724,0.0288675500773032,5
4,45,0.0,0.0,0.31471020893096596,0.0,0.09441306267928976,0.04853120385789916,5
4,46,0.0,0.0,0.3100943827978145,0.0,0.09302831483934434,0.061880337152332716,5
4,47,0.0,0.0,0.3056838928227327,0.0,0.0917051678468198,0.07082778636067884,5
4,48,0.0,0.0,0.3040237203650914,0.0,0.09120711610952742,0.07694158528533342,5
4,56,0.0,0.0,0.0,0.0,0.0,0.05385910969973339,5
4,57,0.0,0.0,0.0,0.0,0.0,0.03770137678981337,5
4,59,0.0,0.0,0.0,0.0,0.0,0.026390963752869357,5
4,60,0.0,0.0,0.3031656981193119,0.0,0.09094970943579357,0.04575858745774662,5
4,61,0.0,0.0,0.30993808938384204,0.0,0.0929814268151526,0.05992543926496842,5
4,68,0.0,0.0,0.1886289674865686,0.0,0.056588690245970574,0.05892441455926906,5
4,69,0.0,0.0,0.14601048398997366,0.0,0.0438031451969921,0.05438803375058597,5
4,70,0.0,0.0,0.07720467367634191,0.0,0.023161402102902576,0.04502004425628095,5
4,71,0.0,0.0,0.26275361176603973,0.0,0.0788260835298119,0.05516185603834023,5
4,72,0.0,0.0,0.2258067414586873,0.0,0.06774202243760619,0.05893590595812001,5
4,73,0.0,0.0,0.0,0.0,0.0,0.04125513417068401,5
4,76,0.0,0.1738235007773245,0.0,0.0,0.08691175038866225,0.05495211903607748,5
4,77,0.0,0.16736594814215322,0.33150059505667656,0.0,0.18313315258807958,0.09340642910167811,5
4,78,0.0,0.16253055491047558,0.3100616255619285,0.0,0.17428376512381633,0.11766962990831957,5
4,85,0.0,0.0,0.2262112937281807,0.0,0.0678633881184542,0.10272775737135995,5
4,87,0.0,0.0,0.0,0.0,0.0,0.07190943015995195,5
4,89,0.0,0.0,0.0,0.0,0.0,0.05033660111196636,5
4,90,0.0,0.0,0.0,0.0,0.0,0.03523562077837645,5
6,3,0.0,0.0,0.5353335828720968,0.0,0.16060007486162903,0.16060007486162903,5
6,4,0.0,0.0,0.6027536524550416,0.0,0.18082609573651248,0.16666788112409406,5
6,5,0.0,0.0,0.8511882364612212,0.0,0.2553564709383664,0.19327445806837573,5
6,6,0.0,0.30455324109784404,0.7326747937125649,0.0,0.3720790586626914,0.2469158382466704,5
6,7,0.0,0.0,0.7324985122675567,0.0,0.21974955368026702,0.23876595287674937,5
6,8,0.0,0.0,0.8126274297840883,0.0,0.2437882289352265,0.2402726356942925,5
6,9,0.0,0.0,0.8702368828156477,0.0,0.2610710648446942,0.24651216443941298,5
6,10,0.0,0.0,0.8953237474557618,0.0,0.26859712423672855,0.25313765237860764,5
6,11,0.0,0.0,0.8930217778027767,0.0,0.26790653334083303,0.25756831666727525,5
6,12,0.0,0.0,0.9480483556999291,0.0,0.2844145067099787,0.2656221736800863,5
6,13,0.0,0.0,0.9571659143229707,0.0,0.2871497742968912,0.27208045386512775,5
7,9,0.0,0.0,0.0,0.0,0.0,0.0,5
7,10,0.0,0.0,0.0,0.0,0.0,0.0,5
7,11,0.0,0.0,0.0,0.0,0.0,0.0,5
7,12,0.0,0.0,0.0,0.0,0.0,0.0,5
7,13,0.0,0.0,0.0,0.0,0.0,0.0,5
7,34,0.0,0.0,0.0,0.0,0.0,0.0,5
7,35,0.0,0.0,0.0,0.0,0.0,0.0,5
7,36,0.0,0.0,0.0,0.0,0.0,0.0,5
7,37,0.0,0.0,0.0,0.0,0.0,0.0,5
7,38,0.0,0.0,0.0,0.0,0.0,0.0,5
7,130,0.0,0.0,0.0,0.0,0.0,0.0,5
8,10,0.0,0.26959956545163194,0.35608717210220664,0.0,0.24162593435647794,0.24162593435647794,5
8,11,0.0,0.36403076953783087,0.3008332281549019,0.0,0.27226535321538603,0.25081776001415035,5
8,13,0.0,0.8709490656627394,0.5533228444953799,0.0,0.6014713861799837,0.35601384786390033,5
8,14,0.0,0.8564523245718071,0.40056510498427533,0.0,0.5483956937811861,0.4137284016390861,5
8,15,0.0,0.0,0.0,0.0,0.0,0.28960988114736025,5
8,94,0.0,0.34664986744474124,0.0,0.0,0.17332493372237062,0.25472439691986337,5
8,95,0.0,0.3479345844677587,0.0,0.0,0.17396729223387936,0.23049726551406816,5
8,96,0.0,0.3779904976385195,0.0,0.0,0.18899524881925975,0.2180466605056256,5
8,97,0.0,0.3744127886267119,0.0,0.0,0.18720639431335595,0.2087945806479447,5
8,98,0.0,0.30582681721244015,0.0,0.0,0.15291340860622007,0.1920302290354273,5
8,99,0.0,0.29510377822931816,0.0,0.0,0.14755188911465908,0.1786867270591968,5
8,100,0.0,0.28921561624841835,0.0,0.0,0.14460780812420918,0.1684630513787005,5
8,101,0.0,0.2552135891270432,0.0,0.0,0.1276067945635216,0.15620617433414682,5
8,169,0.0,0.0,0.9450738701204797,0.0,0.28352216103614386,0.19440097034474593,5
8,170,0.0,0.0,0.8923996021633591,0.0,0.26771988064900776,0.21639664343602447,5
8,171,0.0,0.0,0.6214076816004998,0.0,0.1864223044801499,0.2074043417492621,5
8,172,0.0,0.0,0.0,0.0,0.0,0.14518303922448345,5
8,173,0.0,0.0,0.0,0.0,0.0,0.10162812745713841,5
8,174,0.0,0.0,0.0,0.0,0.0,0.07113968921999689,5
9,12,0.0,0.0,0.8064905597274808,0.0,0.24194716791824425,0.24194716791824425,5
9,13,0.0,0.0,0.059737189479880735,0.0,0.01792115684396422,0.17473936459596023,5
9,14,0.0,0.0,0.4456600158076368,0.0,0.13369800474229102,0.16242695663985945,5
9,15,0.0,0.0,0.0,0.0,0.0,0.11369886964790162,5
9,16,0.0,0.0,0.0,0.0,0.0,0.07958920875353112,5
9,18,0.0,0.0,0.616080614203112,0.0,0.18482418426093358,0.11115970140575185,5
9,50,0.0,0.8594389631190522,0.0,0.0,0.4297194815595261,0.2067276354518841,5
9,51,0.0,0.0,0.0,0.0,0.0,0.14470934481631886,5
9,52,0.0,0.6699858552189383,0.0,0.0,0.33499292760946914,0.20179441965426392,5
9,53,0.0,0.5921872710147437,0.0,0.0,0.29609363550737183,0.2300841844101963,5
9,54,0.0,0.0,0.0,0.0,0.0,0.1610589290871374,5
9,55,0.0,0.0,0.0,0.0,0.0,0.11274125036099616,5
9,56,0.0,0.0,0.0,0.0,0.0,0.07891887525269731,5
9,57,0.0,0.0,0.0,0.0,0.0,0.05524321267688811,5
9,58,0.0,0.0,0.0,0.0,0.0,0.03867024887382167,5
9,59,0.0,0.0,0.0,0.0,0.0,0.02706917421167517,5
9,60,0.0,0.48917733283629994,0.0,0.0,0.24458866641814997,0.0923250218736176,5
9,61,0.0,0.5218156314691396,0.0,0.0,0.2609078157345698,0.14289986003190325,5
9,62,0.0,0.4627967389709077,0.7844729649642639,0.0,0.4667402589747329,0.24005197971475212,5
9,63,0.0,0.47893434760130094,0.791268233185769,0.0,0.47684764375638106,0.3110906789272408,5
9,64,0.0,0.4905626493457322,0.0,0.0,0.2452813246728661,0.2913478726509284,5
9,65,0.0,0.0,0.0,0.0,0.0,0.20394351085564985,5
9,66,0.0,0.0,0.0,0.0,0.0,0.1427604575989549,5
9,67,0.0,0.0,0.0,0.0,0.0,0.09993232031926842,5
9,68,0.0,0.5364596116945419,0.0,0.0,0.26822980584727096,0.15042156597766917,5
9,69,0.0,0.5085713637958678,0.0,0.0,0.2542856818979339,0.18158080075374858,5
9,70,0.0,0.5235782501982775,0.0,0.0,0.26178912509913876,0.20564329805736564,5
9,71,0.0,0.5392475796475681,0.8721943121116187,0.0,0.5312820834572698,0.3033349336773369,5
9,72,0.0,0.0,0.8857106430173654,0.0,0.26571319290520956,0.29204841144569865,5
9,73,0.0,0.0,0.0,0.0,0.0,0.20443388801198906,5
9,74,0.0,0.0,0.0,0.0,0.0,0.14310372160839233,5
9,75,0.0,0.0,0.9124675206839157,0.0,0.27374025620517467,0.18229468198742704,5
9,76,0.0,0.0,0.0,0.0,0.0,0.12760627739119892,5
9,77,0.0,0.14999491345160335,0.0,0.0,0.07499745672580167,0.11182363119157973,5
9,78,0.0,0.16081247998742915,0.9186690358893399,0.0,0.35600695076051647,0.18507862706226075,5
9,79,0.0,0.16439146925074158,0.0,0.0,0.08219573462537079,0.15421375933119377,5
9,80,0.0,0.0,0.0,0.0,0.0,0.10794963153183564,5
9,81,0.0,0.18471977766295133,0.9262803913874187,0.0,0.3702440062477013,0.18663794394659533,5
9,82,0.0,0.18836511602766165,0.79502059717568,0.0,0.3326887371665348,0.23045318191257713,5
9,83,0.0,0.22773830510049878,0.7520568138035775,0.0,0.33948619669132263,0.2631630863462008,5
10,18,0.0,0.34919565810027614,0.9068329534532594,0.0,0.44664771508611584,0.44664771508611584,5
10,19,0.0,0.032484506903750356,0.0,0.0,0.016242253451875178,0.31752607659584364,5
10,20,0.0,0.071777211863809,0.9919267150414021,0.0,0.3334666204443251,0.3223082397503881,5
10,23,0.0,0.0,0.0,0.0,0.0,0.22561576782527165,5
10,75,0.0,0.0,0.0,0.0,0.0,0.15793103747769013,5
10,76,0.0,0.0,0.8889743035224649,0.0,0.2666922910567394,0.1905594135514049,5
10,77,0.0,0.0,0.795087219544706,0.0,0.23852616586341177,0.20494943924500697,5
10,78,0.0,0.0,0.7330598821448312,0.0,0.2199179646434494,0.20943999686453968,5
10,79,0.0,0.0,0.031090748654055655,0.0,0.009327224596216698,0.1494061651840428,5
10,80,0.0,0.0,0.0,0.0,0.0,0.10458431562882994,5
10,81,0.0,0.0,0.0,0.0,0.0,0.07320902094018096,5
11,26,0.0,0.0,0.0,0.0,0.0,0.0,5
11,27,0.0,0.0,0.0,0.0,0.0,0.0,5
11,28,0.0,0.0,0.0,0.0,0.0,0.0,5
11,29,0.0,0.0,0.0,0.0,0.0,0.0,5
11,30,0.0,0.0,0.0,0.0,0.0,0.0,5
11,31,0.0,0.0,0.0,0.0,0.0,0.0,5
11,32,0.0,0.0,0.0,0.0,0.0,0.0,5
11,33,0.0,0.0,0.0,0.0,0.0,0.0,5
11,34,0.0,0.0,0.0,0.0,0.0,0.0,5
11,35,0.0,0.0,0.0,0.0,0.0,0.0,5
11,36,0.0,0.0,0.0,0.0,0.0,0.0,5
11,37,0.0,0.0,0.0,0.0,0.0,0.0,5
11,38,0.0,0.0,0.0,0.0,0.0,0.0,5
11,39,0.0,0.0,0.0,0.0,0.0,0.0,5
11,40,0.0,0.0,0.0,0.0,0.0,0.0,5
11,41,0.0,0.0,0.0,0.0,0.0,0.0,5
11,42,0.0,0.0,0.0,0.0,0.0,0.0,5
11,43,0.0,0.0,0.0,0.0,0.0,0.0,5
11,44,0.0,0.0,0.0,0.0,0.0,0.0,5
11,45,0.0,0.0,0.0,0.0,0.0,0.0,5
11,46,0.0,0.0,0.0,0.0,0.0,0.0,5
11,47,0.0,0.0,0.0,0.0,0.0,0.0,5
11,48,0.0,0.0,0.0,0.0,0.0,0.0,5
11,50,0.0,0.21820424076755357,0.0,0.0,0.10910212038377679,0.032730636115133036,5
11,52,0.0,0.0,0.954843430480668,0.0,0.28645302914420034,0.10884735402385322,5
11,53,0.0,0.0,0.8502390515271342,0.0,0.2550717154581402,0.15271466245413934,5
11,55,0.0,0.0,0.634279101146364,0.0,0.1902837303439092,0.16398538282107028,5
11,56,0.0,0.0,0.5532559561946592,0.0,0.16597678685839773,0.1645828040322685,5
11,57,0.0,0.0,0.4944298714887849,0.0,0.1483289614466355,0.15970665125657857,5
11,60,0.0,0.0,0.37112733908568396,0.0,0.11133820172570519,0.14519611639731655,5
11,61,0.0,0.0,0.48488035948748154,0.0,0.14546410784624444,0.1452765138319949,5
11,62,0.0,0.4801234830781376,0.0,0.0,0.2400617415390688,0.17371208214411707,5
11,63,0.0,0.4796359897020753,0.0,0.0,0.23981799485103766,0.19354385595619322,5
11,64,0.0,0.0,0.0,0.0,0.0,0.13548069916933525,5
11,65,0.0,0.0,0.0,0.0,0.0,0.09483648941853468,5
11,66,0.0,0.0,0.0,0.0,0.0,0.06638554259297427,5
11,67,0.0,0.0,0.0,0.0,0.0,0.04646987981508199,5
11,68,0.0,0.21694236434936737,0.0,0.0,0.10847118217468368,0.06507027052296249,5
11,69,0.0,0.33874322786325484,0.0,0.0,0.16937161393162742,0.09636067354556196,5
11,70,0.0,0.4983967842739682,0.0,0.0,0.2491983921369841,0.1422119891229886,5
11,71,0.0,0.5483257626554813,0.3451321533404378,0.0,0.37770252732987203,0.2128591505850536,5
11,72,0.0,0.49791533660660364,0.26813444571131495,0.0,0.3293980020166963,0.2478208060145464,5
11,110,0.0,0.0,0.6330068432846294,0.0,0.18990205298538884,0.23044518010579912,5
11,111,0.0,0.0,0.6348307414948196,0.0,0.19044922244844587,0.21844639280859313,5
11,112,0.0,0.0,0.5668251824162942,0.0,0.17004755472488825,0.20392674138348166,5
11,115,0.0,0.0,0.0,0.0,0.0,0.14274871896843716,5
11,116,0.0,0.0,0.27223346160706535,0.0,0.0816700384821196,0.12442511482254189,5
11,117,0.0,0.0,0.25311053001261313,0.0,0.07593315900378392,0.10987752807691449,5
11,118,0.0,0.0,0.18604517236647525,0.0,0.05581355170994258,0.09365833516682291,5
11,169,0.0,0.0,0.9587415837675175,0.0,0.28762247513025524,0.15184757715585262,5
11,170,0.0,0.0,0.949141525117135,0.0,0.2847424575351405,0.19171604126963898,5
11,171,0.0,0.0,0.4332343304893519,0.0,0.12997029914680558,0.17319231863278894,5
12,44,0.0,0.0,0.8081170511143236,0.0,0.2424351153342971,0.2424351153342971,5
12,45,0.0,0.0,0.825568086333688,0.0,0.2476704259001064,0.24400570850403988,5
12,46,0.0,0.0,0.8191122281386969,0.0,0.24573366844160902,0.24452409648531062,5
12,47,0.0,0.0,0.8212878801908833,0.0,0.24638636405726494,0.24508277675689694,5
12,48,0.0,0.0,0.8363805604097931,0.0,0.25091416812293793,0.24683219416670923,5
12,49,0.0,0.0,0.0,0.0,0.0,0.17278253591669646,5
12,50,0.0,0.0,0.9508397110645863,0.0,0.2852519133193759,0.20652334913750028,5
12,51,0.0,0.0,0.7417769469715897,0.0,0.2225330840914769,0.21132626962369325,5
12,52,0.0,0.0,0.9755644467242046,0.0,0.29266933401726136,0.23572918894176365,5
12,53,0.0,0.03249547411085905,0.8004497911020808,0.0,0.2563826743860537,0.24192523457505066,5
12,54,0.0,0.0,0.8453385077606752,0.0,0.2536015523282026,0.24542812990099622,5
12,59,0.0,0.0,0.8251888631745363,0.0,0.24755665895236087,0.24606668861640557,5
12,60,0.0,0.10903742609739961,0.8410999984937588,0.0,0.3068487125968274,0.2643012958105321,5
12,61,0.0,0.22435877733651538,0.8353501373128036,0.0,0.3627844298620988,0.2938462360260021,5
12,62,0.0,0.23603696909204333,0.8155481871656178,0.0,0.36268294069570695,0.31449724742691354,5
12,63,0.0,0.23592138096056256,0.815669451520723,0.0,0.36266152593649814,0.32894653097978893,5
12,68,0.0,0.22081750269105588,0.6302331903283431,0.0,0.29947870844403085,0.3201061842190615,5
12,69,0.0,0.2537506338641792,0.6038692444466174,0.0,0.30803609026607476,0.31648515603316546,5
12,70,0.0,0.28655979163153783,0.5650122198228466,0.0,0.31278356176262284,0.3153746777520027,5
12,71,0.0,0.3225692512546505,0.549872727961626,0.0,0.32624644401581304,0.31863620763114575,5
12,72,0.0,0.0,0.5324074451042798,0.0,0.15972223353128392,0.2709620154011872,5
12,75,0.0,0.0,0.44861240496821503,0.0,0.1345837214904645,0.23004852722797037,5
12,78,0.0,0.5638574904107813,0.39958243924953074,0.0,0.4018034769802498,0.2815750121536542,5
12,81,0.0,0.5823870202844859,0.3244466975478097,0.0,0.38852751940658586,0.3136607643295337,5
12,109,0.0,0.6035202882157827,0.0,0.0,0.30176014410789137,0.310090578263041,5
12,110,0.0,0.6124116066302403,0.0,0.0,0.30620580331512015,0.3089251457786647,5
12,111,0.0,0.5976249543689538,0.0,0.0,0.2988124771844769,0.30589134520040834,5
12,115,0.0,0.3545159394245622,0.0,0.0,0.1772579697122811,0.26730133255397015,5
12,116,0.0,0.5477821334952797,0.46225912614659403,0.0,0.41256880459161804,0.3108815741652645,5
12,117,0.0,0.5577718282270799,0.45479155043962616,0.0,0.41532337924542767,0.3422141156893134,5
12,119,0.0,0.6049744984900188,0.0,0.0,0.3024872492450094,0.3302960557560222,5
12,120,0.0,0.5976366192919024,0.0,0.0,0.2988183096459512,0.3208527319230009,5
12,121,0.0,0.584541708827041,0.0,0.0,0.2922708544135205,0.3122781686701568,5
12,122,0.0,0.0,0.0,0.0,0.0,0.21859471806910974,5
12,123,0.0,0.0,0.0036751142619055655,0.0,0.0011025342785716697,0.15334706293194833,5
12,124,0.0,0.0,0.012282878319090428,0.0,0.0036848634957271286,0.10844840310108197,5
12,128,0.0,0.5663992154863327,0.0,0.0,0.2831996077431663,0.16087376449370727,5
12,129,0.0,0.5837362937158478,0.33974247932697815,0.0,0.39379089065601736,0.23074890234240028,5
12,131,0.0,0.622985795451578,0.2873615355500343,0.0,0.39770135839079923,0.28083463915692,5
12,134,0.0,0.0,0.2519075290787009,0.0,0.07557225872361029,0.21925592502692706,5
12,135,0.0,0.0,0.24268296358907424,0.0,0.07280488907672227,0.17532061424186562,5
12,136,0.0,0.0,0.2228066962545819,0.0,0.06684200887637456,0.1427770326322183,5
12,137,0.0,0.0,0.2133072926075112,0.0,0.06399218778225337,0.11914157917722881,5
12,139,0.0,0.0,0.5466496615932718,0.0,0.16399489847798152,0.1325975749674546,5
12,173,0.0,0.7512719977839792,0.0,0.0,0.3756359988919896,0.2055091021448151,5
12,174,0.0,0.0,0.0,0.0,0.0,0.14385637150137057,5
12,175,0.0,0.0,0.0,0.0,0.0,0.1006994600509594,5
13,58,0.0,0.0,0.0,0.0,0.0,0.0,5
13,62,0.0,0.0,0.09915809109552261,0.0,0.029747427328656782,0.008924228198597034,5
13,63,0.0,0.0,0.10139345182554885,0.0,0.030418035547664653,0.015372370403317319,5
13,64,0.0,0.0,0.0,0.0,0.0,0.010760659282322123,5
13,163,0.0,0.0,0.8336972324496017,0.0,0.2501091697348805,0.08256521241808963,5
13,164,0.0,0.0,0.0,0.0,0.0,0.05779564869266274,5
13,165,0.0,0.0,0.8366693763246417,0.0,0.2510008128973925,0.11575719795408167,5
13,166,0.0,0.0,0.0,0.0,0.0,0.08103003856785716,5
13,167,0.0,0.0,0.0,0.0,0.0,0.05672102699750001,5
13,168,0.0,0.0,0.0,0.0,0.0,0.03970471889825,5
13,169,0.0,0.0,0.33823489003759033,0.0,0.10147046701127711,0.05823444333215813,5
13,170,0.0,0.0,0.34748357662069057,0.0,0.10424507298620715,0.07203763222837284,5
13,171,0.0,0.0,0.39588731608322414,0.0,0.11876619482496724,0.08605620100735115,5
14,71,0.0,0.2644843083983158,0.9463304239596049,0.0,0.4161412813870394,0.4161412813870394,5
14,72,0.0,0.24591851057189312,0.9508789951954126,0.0,0.4082229538445703,0.4137657831242986,5
14,73,0.0,0.0,0.9591993887231215,0.0,0.2877598166169365,0.37596399317208995,5
14,74,0.0,0.0,0.9317578501884389,0.0,0.2795273550565317,0.34703300173742246,5
14,75,0.0,0.30460587215912555,0.9442166154468131,0.0,0.43556792071360667,0.3735934774302777,5
14,76,0.0,0.0,0.9514292502283087,0.0,0.2854287750684926,0.34714406672174214,5
14,77,0.0,0.0,0.9711451616712458,0.0,0.29134354850137373,0.3304039112556316,5
14,78,0.0,0.4519578625735985,0.9833571514004469,0.0,0.5209860767069333,0.3875785608910221,5
14,79,0.0,0.0,0.9938947316788287,0.0,0.2981684195036486,0.36075551847481,5
14,81,0.0,0.5229594817004669,0.0,0.0,0.26147974085023346,0.330972785187437,5
14,82,0.0,0.7130483750347453,0.0,0.0,0.35652418751737264,0.3386382058864177,5
14,83,0.0,0.8429631595899245,0.0,0.0,0.42148157979496226,0.36349121805898105,5
14,84,0.0,0.7470059156087993,0.0,0.0,0.3735029578043996,0.3664947399826066,5
14,85,0.0,0.8064951709073911,0.0,0.0,0.40324758545369555,0.3775205936239333,5
14,86,0.0,0.49700762273736643,0.0,0.0,0.24850381136868321,0.33881555894735826,5
14,94,0.0,0.0,0.5021073210414937,0.0,0.15063219631244812,0.2823605501568852,5
14,95,0.0,0.0,0.6343676202413446,0.0,0.19031028607240336,0.25474547093154065,5
14,96,0.0,0.0,0.6638467023259258,0.0,0.19915401069777772,0.23806803286141176,5
14,97,0.0,0.0,0.7364404366693278,0.0,0.22093213100079834,0.23292726230322772,5
14,98,0.0,0.0,0.8827562837967952,0.0,0.26482688513903857,0.24249714915397097,5
14,99,0.0,0.0,0.9359948670048077,0.0,0.28079846010144227,0.25398754243821237,5
14,100,0.0,0.03853140819889318,0.0,0.0,0.01926570409944659,0.18357099093658263,5
14,101,0.0,0.0,0.0,0.0,0.0,0.12849969365560784,5
14,102,0.0,0.0,0.0,0.0,0.0,0.08994978555892548,5
14,104,0.0,0.0,0.0,0.0,0.0,0.06296484989124783,5
14,105,0.0,0.0,0.0,0.0,0.0,0.044075394923873475,5
14,106,0.0,0.0,0.0,0.0,0.0,0.03085277644671143,5
14,107,0.0,0.6558478027060067,0.0,0.0,0.32792390135300337,0.11997411391859901,5
14,108,0.0,0.1805886862826283,0.0,0.0,0.09029434314131415,0.11107018268541355,5
14,109,0.0,0.0,0.9861668037733171,0.0,0.29585004113199515,0.16650414021938803,5
14,110,0.0,0.0,0.8203902003073381,0.0,0.24611706009220144,0.19038801618123205,5
14,111,0.0,0.0,0.7867133002218081,0.0,0.23601399006654242,0.20407580834682515,5
14,112,0.0,0.0,0.4783194205345581,0.0,0.14349582616036743,0.18590181369088782,5
14,113,0.0,0.0,0.0,0.0,0.0,0.13013126958362148,5
14,114,0.0,0.0,0.0,0.0,0.0,0.09109188870853503,5
14,116,0.0,0.0,0.29550802474325316,0.0,0.08865240742297595,0.0903600443228673,5
14,117,0.0,0.0,0.27265651249601913,0.0,0.08179695374880572,0.08779111715064883,5
14,118,0.0,0.0,0.0,0.0,0.0,0.06145378200545418,5
14,119,0.0,0.32707582801079915,0.05072201538070196,0.0,0.17875451861961017,0.09664400298970097,5
14,120,0.0,0.3538593868348714,0.006582077901234129,0.0,0.17890431678780594,0.12132209712913244,5
14,121,0.0,0.3651682556090042,0.0,0.0,0.1825841278045021,0.13970070633174334,5
14,122,0.0,0.35897931891768786,0.0,0.0,0.17948965945884393,0.15163739226987352,5
15,77,0.0,0.7991568044649522,0.8701127488206193,0.0,0.6606122268786618,0.6606122268786618,5
15,78,0.0,0.7772125938198358,0.8732822979116879,0.0,0.6505909862834243,0.6576058547000905,5
15,79,0.0,0.7435515199296635,0.8642196902964665,0.0,0.6310416670537717,0.6496365984061948,5
15,81,0.0,0.7182219478852718,0.8610473375320916,0.0,0.6174251752022635,0.6399731714450154,5
15,82,0.0,0.7307697858312555,0.8846007949897727,0.0,0.6307651314125595,0.6372107594352786,5
15,83,0.0,0.7694788150406809,0.0,0.0,0.38473940752034047,0.5614693538607971,5
15,84,0.0,0.7663277412056458,0.0,0.0,0.3831638706028229,0.5079777088834049,5
15,85,0.0,0.6154678826233948,0.0,0.0,0.3077339413116974,0.4479045786118926,5
15,86,0.0,0.7333656951308021,0.0,0.0,0.36668284756540104,0.4235380592979451,5
15,87,0.0,0.0,0.0,0.0,0.0,0.2964766415085615,5
15,88,0.0,0.0,0.0,0.0,0.0,0.20753364905599306,5
15,89,0.0,0.0,0.0,0.0,0.0,0.14527355433919514,5
15,90,0.0,0.0,0.0,0.0,0.0,0.10169148803743659,5
15,91,0.0,0.0,0.0,0.0,0.0,0.0711840416262056,5
15,92,0.0,0.0,0.0,0.0,0.0,0.04982882913834392,5
15,93,0.0,0.0,0.4555061011014863,0.0,0.13665183033044587,0.07587572949597449,5
15,172,0.0,0.0,0.32768284195462793,0.0,0.09830485258638837,0.08260446642309864,5
15,178,0.0,0.0,0.0,0.0,0.0,0.057823126496169046,5
16,82,0.0,0.17314810034648825,0.9885822725948626,0.0,0.3831487319517029,0.3831487319517029,5
16,83,0.0,0.18877326682572376,0.9987613511124568,0.0,0.3940150387465989,0.3864086239901717,5
16,84,0.0,0.17727467607723651,0.9874341334599375,0.0,0.3848675780765995,0.38594631021610004,5
16,85,0.0,0.17024379751436652,0.9810324040499786,0.0,0.3794316199721767,0.383991903142923,5
16,86,0.0,0.13240069326543946,0.9720211262227136,0.0,0.35780668449953384,0.3761363375499062,5
16,87,0.0,0.10781445852091562,0.0,0.0,0.05390722926045781,0.27946760506307167,5
16,88,0.0,0.10886452059161547,0.0,0.0,0.054432260295807736,0.2119570016328925,5
16,89,0.0,0.07390409665266481,0.0,0.0,0.03695204832633241,0.15945551564092444,5
16,90,0.0,0.07389510988712504,0.0,0.0,0.03694755494356252,0.12270312743171587,5
16,91,0.0,0.08817878691257046,0.0,0.0,0.04408939345628523,0.09911900723908666,5
16,92,0.0,0.10247731473200486,0.0,0.0,0.05123865736600243,0.0847549022771614,5
16,93,0.0,0.0,0.0,0.0,0.0,0.05932843159401297,5
16,94,0.0,0.0,0.9966555740527936,0.0,0.2989966722158381,0.1312289037805605,5
16,95,0.0,0.0053000624759628415,0.0,0.0,0.0026500312379814208,0.09265524201778678,5
16,96,0.0,0.005607016619059801,0.0,0.0,0.0028035083095299005,0.06569972190530972,5
16,97,0.0,0.021056939239465076,0.0,0.0,0.010528469619732538,0.04914834621963656,5
16,98,0.0,0.06957507815626715,0.0,0.0,0.034787539078133575,0.044840104077185666,5
16,99,0.0,0.040869721979784356,0.0,0.0,0.020434860989892178,0.03751853115099762,5
16,100,0.0,0.03654146000652161,0.0,0.0,0.018270730003260804,0.03174419080667657,5
16,101,0.0,0.06363499442525948,0.0,0.0,0.03181749721262974,0.031766182728462516,5
16,102,0.0,0.046192528999808455,0.0,0.0,0.023096264499904227,0.029165207259895028,5
16,103,0.0,0.0,0.0,0.0,0.0,0.020415645081926517,5
16,104,0.0,0.06962928824236678,0.0,0.0,0.03481464412118339,0.024735344793703578,5
16,105,0.0,0.06702806058693608,0.0,0.0,0.03351403029346804,0.027368950443632918,5
16,106,0.0,0.07756617998632745,0.0,0.0,0.038783089993163725,0.03079319230849216,5
16,107,0.0,0.1704407955136849,0.0,0.0,0.08522039775684245,0.04712135394299724,5
16,108,0.0,0.16033846392013712,0.0,0.0,0.08016923196006856,0.05703571734811863,5
16,109,0.0,0.6181039475695409,0.0,0.0,0.30905197378477045,0.13264059427911418,5
16,110,0.0,0.5937606479154127,0.8456855435264758,0.0,0.5505859870156491,0.25802421210007465,5
16,111,0.0,0.5882302096100389,0.8489518975319914,0.0,0.5488006740646169,0.3452571506894373,5
16,112,0.0,0.07042995545148356,0.8470011469960577,0.0,0.2893153218245591,0.3284746020299738,5
16,113,0.0,0.0407505680609388,0.4980356227391371,0.0,0.16978597085221053,0.2808680126766448,5
16,114,0.0,0.04722415174849508,0.4999679990417878,0.0,0.17360247558678388,0.2486883515496865,5
16,115,0.0,0.5654649614732301,0.8375435502311305,0.0,0.5339955458059541,0.33428050982656676,5
16,117,0.0,0.42915020911144497,0.9516446986723309,0.0,0.5000685141574218,0.38401691112582326,5
16,118,0.0,0.0,0.9642455158243459,0.0,0.28927365474730377,0.35559393421226737,5
16,119,0.0,0.34952136080352736,0.9191147803684695,0.0,0.4504951145123045,0.38406428830227846,5
16,122,0.0,0.3671538488077891,0.0,0.0,0.18357692440389456,0.32391807913276327,5
16,123,0.0,0.3883486102882741,0.0,0.0,0.19417430514413705,0.2849949469361754,5
16,124,0.0,0.44050515014283737,0.0,0.0,0.22025257507141868,0.26557223537674834,5
16,127,0.0,0.0,0.0,0.0,0.0,0.18590056476372382,5
16,130,0.0,0.0,0.4122508699662862,0.0,0.12367526098988584,0.1672329736315724,5
16,131,0.0,0.26702963599401797,0.4258248139495702,0.0,0.26126226218188003,0.1954417601966647,5
16,132,0.0,0.0,0.4258083813926695,0.0,0.12774251441780085,0.17513198646300554,5
16,133,0.0,0.0,0.35678453693369183,0.0,0.10703536108010754,0.15470299884813613,5
16,137,0.0,0.2686235576254261,0.3568879385545016,0.0,0.24137816037906354,0.18070554730741434,5
16,138,0.0,0.0,0.35663676252860077,0.0,0.10699102875858021,0.1585911917427641,5
16,139,0.0,0.0,0.3539318095558631,0.0,0.10617954286675893,0.14286769707996252,5
16,141,0.0,0.0,0.0,0.0,0.0,0.10000738795597376,5
16,182,0.0,0.40892521173098106,0.0,0.0,0.20446260586549053,0.13134395332882878,5
17,93,0.0,0.0,0.0,0.0,0.0,0.0,5
17,94,0.0,0.0,0.0,0.0,0.0,0.0,5
17,95,0.0,0.0,0.0,0.0,0.0,0.0,5
17,96,0.0,0.0,0.0,0.0,0.0,0.0,5
17,97,0.0,0.0,0.0,0.0,0.0,0.0,5
17,98,0.0,0.0,0.0,0.0,0.0,0.0,5
17,119,0.0,0.0,0.0,0.0,0.0,0.0,5
17,121,0.0,0.0,0.0,0.0,0.0,0.0,5
17,122,0.0,0.0,0.0,0.0,0.0,0.0,5
17,123,0.0,0.0,0.0,0.0,0.0,0.0,5
17,124,0.0,0.0,0.0,0.0,0.0,0.0,5
17,125,0.0,0.0,0.0,0.0,0.0,0.0,5
17,126,0.0,0.0,0.0,0.0,0.0,0.0,5
17,127,0.0,0.0,0.0,0.0,0.0,0.0,5
18,95,0.0,0.8544396504006491,0.0,0.0,0.42721982520032453,0.42721982520032453,5
18,96,0.0,0.846654101067472,0.0,0.0,0.423327050533736,0.426051992800348,5
18,98,0.0,0.43743720155222254,0.0,0.0,0.21871860077611127,0.36385197519307694,5
18,99,0.0,0.23237398091184955,0.0,0.0,0.11618699045592477,0.28955247977193127,5
18,100,0.0,0.0,0.9211726246911877,0.0,0.2763517874073563,0.28559227206255877,5
18,102,0.0,0.0,0.6633898067767172,0.0,0.1990169420330151,0.25961967305369565,5
18,103,0.0,0.0,0.0,0.0,0.0,0.18173377113758696,5
18,104,0.0,0.0,0.3552399381685532,0.0,0.10657198145056594,0.15918523423148065,5
18,105,0.0,0.0,0.3539334607714131,0.0,0.1061800382314239,0.14328367543146361,5
18,106,0.0,0.0,0.1318839912257356,0.0,0.03956519736772068,0.11216813201234072,5
18,107,0.0,0.0,0.7734765987891168,0.0,0.232042979636735,0.148130586299659,5
18,126,0.0,0.0,0.0,0.0,0.0,0.10369141040976129,5
18,127,0.0,0.0,0.0,0.0,0.0,0.0725839872868329,5
18,128,0.0,0.0,0.0,0.0,0.0,0.05080879110078302,5
18,129,0.0,0.0,0.0,0.0,0.0,0.035566153770548115,5
18,130,0.0,0.0,0.0,0.0,0.0,0.024896307639383677,5
18,131,0.0,0.0,0.0,0.0,0.0,0.017427415347568573,5
18,132,0.0,0.0,0.0,0.0,0.0,0.012199190743298,5
19,107,0.0,0.4289007583633254,0.9448674390256743,0.0,0.49791061088936495,0.49791061088936495,5
19,108,0.0,0.3549027302193625,0.9883061018775228,0.0,0.4739431956729382,0.49072038632443693,5
19,109,0.0,0.23646675793498934,0.7998656948129517,0.0,0.3581930874113802,0.4509621966505199,5
19,110,0.0,0.5149607361715995,0.99704436065261,0.0,0.5565936762815827,0.4826516405398388,5
19,111,0.0,0.4454391773275578,0.972343087908159,0.0,0.5144225150362266,0.4921829028887551,5
19,112,0.0,0.1430802776243416,0.8711868806202592,0.0,0.33289620299824857,0.4443968929216031,5
19,113,0.0,0.0,0.8480974823710765,0.0,0.25442924471132294,0.38740659845851905,5
19,114,0.0,0.0,0.8133798538068062,0.0,0.24401395614204185,0.34438880576357583,5
19,115,0.0,0.0,0.9236264842933064,0.0,0.2770879452879919,0.3241985476209006,5
19,116,0.0,0.0,0.9720762274753373,0.0,0.29162286824260114,0.3144258438074108,5
19,117,0.0,0.0,0.9809794270105137,0.0,0.2942938281031541,0.3083862390961338,5
19,118,0.0,0.0,0.8406185628592169,0.0,0.25218556885776505,0.2915260380246231,5
19,119,0.0,0.0,0.8645447152773371,0.0,0.25936341458320117,0.2818772509921965,5
19,120,0.0,0.0,0.8532159089353014,0.0,0.2559647726805904,0.27410350749871465,5
19,121,0.0,0.0,0.8690577313308978,0.0,0.26071731939926934,0.27008765106888105,5
19,122,0.0,0.0,0.7520128802051914,0.0,0.2256038640615574,0.25674251496668393,5
19,123,0.0,0.0,0.7570220651908715,0.0,0.22710661955726139,0.24785174634385715,5
19,124,0.0,0.0,0.7299584695619332,0.0,0.21898754086857997,0.23919248470127397,5
19,125,0.0,0.0,0.0,0.0,0.0,0.16743473929089175,5
19,126,0.0,0.0,0.010316888384671818,0.0,0.0030950665154015453,0.11813283745824468,5
19,127,0.0,0.0,0.04600490977014475,0.0,0.013801472931043423,0.08683342810008429,5
19,128,0.0,0.0,0.7115889225984173,0.0,0.21347667677952523,0.12482640270391657,5
19,129,0.0,0.0,0.7130580038705734,0.0,0.21391740116117197,0.15155370224109319,5
19,130,0.0,0.0,0.16150763162400386,0.0,0.048452289487201164,0.12062327841492557,5
19,131,0.0,0.0,0.695862245688805,0.0,0.2087586737066415,0.14706389700244032,5
19,132,0.0,0.0,0.0,0.0,0.0,0.10294472790170822,5
19,133,0.0,0.0,0.0,0.0,0.0,0.07206130953119574,5
19,134,0.0,0.0,0.6893667773068579,0.0,0.20681003319205735,0.11248592662945422,5
19,135,0.0,0.0,0.6897125696345954,0.0,0.2069137708903786,0.14081427990773154,5
19,136,0.0,0.0,0.6767926356236481,0.0,0.20303779068709443,0.1594813331415404,5
19,137,0.0,0.0,0.6747517933804466,0.0,0.20242553801413393,0.17236459460331843,5
19,138,0.0,0.0,0.0,0.0,0.0,0.12065521622232289,5
19,139,0.0,0.0,0.0,0.0,0.0,0.08445865135562602,5
19,140,0.0,0.0,0.0,0.0,0.0,0.05912105594893821,5
19,164,0.0,0.0,0.0,0.0,0.0,0.041384739164256744,5
19,165,0.0,0.0,0.6970665435922623,0.0,0.2091199630776787,0.09170530633828333,5
19,166,0.0,0.0,0.6111330162325229,0.0,0.18333990486975688,0.11919568589772539,5
19,169,0.0,0.020152554727702186,0.7700447891440928,0.0,0.2410897141070789,0.15576389436053145,5
19,170,0.0,0.023737904760743313,0.7323390821931983,0.0,0.23157067703833115,0.17850592916387137,5
19,171,0.0,0.3407678576048765,0.0,0.0,0.17038392880243824,0.17606932905544143,5
19,172,0.0,0.7707706359883915,0.0,0.0,0.38538531799419573,0.23886412573706772,5
20,113,0.0,0.8052779370756307,0.0,0.0,0.40263896853781533,0.40263896853781533,5
20,114,0.0,0.8930987632328058,0.0,0.0,0.4465493816164029,0.41581209246139156,5
20,116,0.0,0.8271080272064015,0.9365481190175095,0.0,0.6945184493084536,0.4994239995155102,5
20,117,0.0,0.8159018451936149,0.9274603210968083,0.0,0.68618901892585,0.5554535053386122,5
20,165,0.0,0.48549723864086325,0.9821467193231506,0.0,0.5373926351173768,0.5500352442722415,5
20,166,0.0,0.0,0.848812962227208,0.0,0.2546438886681624,0.46141783759101773,5
20,167,0.0,0.0,0.0,0.0,0.0,0.3229924863137124,5
20,168,0.0,0.0,0.0,0.0,0.0,0.22609474041959868,5
20,169,0.0,0.30861176028211035,0.6697095938490876,0.0,0.3552187582957814,0.2648319457824535,5
20,170,0.0,0.3536852064675727,0.6777690500292579,0.0,0.3801733182425637,0.2994343575204865,5
20,171,0.0,0.0,0.6858395366219965,0.0,0.20575186098659892,0.27132960856032023,5
20,182,0.0,0.0,0.0,0.0,0.0,0.18993072599222416,5
20,184,0.0,0.0,0.0,0.0,0.0,0.1329515081945569,5
20,185,0.0,0.0,0.0,0.0,0.0,0.09306605573618983,5
20,186,0.0,0.0,0.0,0.0,0.0,0.06514623901533287,5
20,187,0.0,0.0,0.0,0.0,0.0,0.04560236731073301,5
20,189,0.0,0.0,0.0,0.0,0.0,0.0319216571175131,5
20,191,0.0,0.0,0.0,0.0,0.0,0.02234515998225917,5
20,192,0.0,0.0,0.0,0.0,0.0,0.01564161198758142,5
21,129,0.0,0.0,0.8083034536015818,0.0,0.24249103608047448,0.24249103608047448,5
21,130,0.0,0.0,0.9626443208009838,0.0,0.2887932962402952,0.2563817141284207,5
21,131,0.0,0.11626661579376094,0.4723293781119744,0.0,0.19983212133047276,0.23941683628903632,5
21,132,0.0,0.20408238777717286,0.3756344336747271,0.0,0.21473152399100454,0.23201124259962677,5
21,133,0.0,0.27759778487488507,0.4192985390610374,0.0,0.2645884541557537,0.24178440606646484,5
21,134,0.0,0.3947098332567601,0.565170688129428,0.0,0.36690612306720843,0.2793209211666879,5
21,135,0.0,0.45385419254808257,0.5658848909855727,0.0,0.3966925635697131,0.31453241388759545,5
21,136,0.0,0.400320264356924,0.5991313794929338,0.0,0.3798995460263421,0.3341425535292194,5
21,137,0.0,0.4280604499663629,0.6361556335571381,0.0,0.40487691505032286,0.35536286198555045,5
21,138,0.0,0.5740726906760791,0.5106546747256796,0.0,0.4402327477557434,0.3808238277166083,5
21,139,0.0,0.8021670209277569,0.5500673451518565,0.0,0.5661037140094355,0.4364077936044564,5
21,140,0.0,0.8378792268745882,0.0,0.0,0.4189396134372941,0.43116733955430764,5
21,141,0.0,0.0,0.0,0.0,0.0,0.3018171376880153,5
22,139,0.0,0.33093483101295795,0.8313834899500898,0.0,0.41488246249150595,0.41488246249150595,5
22,140,0.0,0.2314300213683243,0.8216019279961719,0.0,0.36219558908301364,0.39907640046895826,5
22,141,0.0,0.0,0.0,0.0,0.0,0.2793534803282708,5
24,142,0.0,0.0,0.0,0.0,0.0,0.0,5
24,143,0.0,0.0,0.0,0.0,0.0,0.0,5
24,160,0.0,0.0,0.0,0.0,0.0,0.0,5
24,161,0.0,0.0,0.0,0.0,0.0,0.0,5
26,143,0.0,0.0,0.0,0.0,0.0,0.0,5
26,144,0.0,0.0,0.0,0.0,0.0,0.0,5
26,145,0.0,0.0,0.0,0.0,0.0,0.0,5
26,146,0.0,0.0,0.0,0.0,0.0,0.0,5
26,147,0.0,0.0,0.0,0.0,0.0,0.0,5
26,148,0.0,0.0,0.8953539422996671,0.0,0.2686061826899001,0.08058185480697003,5
27,143,0.0,0.0,0.9089185960879107,0.0,0.2726755788263732,0.2726755788263732,5
27,146,0.0,0.0,0.8358883786747036,0.0,0.25076651360241103,0.26610285925918453,5
27,147,0.0,0.0,0.8267072180113049,0.0,0.24801216540339147,0.2606756511024466,5
27,148,0.0,0.0,0.0,0.0,0.0,0.18247295577171263,5
27,152,0.0,0.0,0.0,0.0,0.0,0.12773106904019885,5
27,153,0.0,0.0,0.0,0.0,0.0,0.08941174832813918,5
27,154,0.0,0.0,0.0,0.0,0.0,0.06258822382969742,5
27,155,0.0,0.0,0.0,0.0,0.0,0.04381175668078819,5
27,156,0.0,0.0,0.0,0.0,0.0,0.03066822967655173,5
27,157,0.0,0.0,0.0,0.0,0.0,0.021467760773586208,5
27,160,0.0,0.0,0.0,0.0,0.0,0.015027432541510344,5
27,161,0.0,0.0,0.0,0.0,0.0,0.01051920277905724,5
28,144,0.0,0.0,0.0,0.0,0.0,0.0,5
28,145,0.0,0.0,0.0,0.0,0.0,0.0,5
28,163,0.0,0.0,0.0,0.0,0.0,0.0,5
28,164,0.0,0.0,0.4851698199689243,0.0,0.14555094599067728,0.043665283797203185,5
28,165,0.0,0.0,0.4960929964802096,0.0,0.14882789894406287,0.07521406834126108,5
28,166,0.0,0.0,0.6591179734440414,0.0,0.19773539203321241,0.11197046544884648,5
28,167,0.0,0.0,0.07124212776314671,0.0,0.021372638328944017,0.08479111731287574,5
28,168,0.0,0.0,0.07255878898588501,0.0,0.021767636695765504,0.06588407312774266,5
28,169,0.0,0.0,0.8324151313774546,0.0,0.2497245394132364,0.12103621301339079,5
28,170,0.0,0.0,0.8472530295216059,0.0,0.2541759088564818,0.1609781217663181,5
29,148,0.0,0.0,0.0,0.0,0.0,0.0,5
29,151,0.0,0.0,0.0,0.0,0.0,0.0,5
29,154,0.0,0.0,0.32111823267690726,0.0,0.09633546980307217,0.02890064094092165,5
29,155,0.0,0.0,0.4109615074170329,0.0,0.12328845222510987,0.05721698432617811,5
29,156,0.0,0.0,0.4455816854751012,0.0,0.13367450564253033,0.08015424072108378,5
29,157,0.0,0.0,0.47556973489886023,0.0,0.14267092046965807,0.09890924464565606,5
29,158,0.0,0.0,0.44901173856957166,0.0,0.13470352157087148,0.10964752772322067,5
29,159,0.0,0.0,0.4982388030210475,0.0,0.14947164090631423,0.12159476167814873,5
32,152,0.0,0.7604591032171872,0.0,0.0,0.3802295516085936,0.3802295516085936,5
32,153,0.0,0.760379640792912,0.0,0.0,0.380189820396456,0.3802176322449523,5
32,154,0.0,0.0,0.4319146086210651,0.0,0.1295743825863195,0.30502465734736245,5
32,155,0.0,0.6717343377348182,0.4385973850188993,0.0,0.46744638437307884,0.35375117545507734,5
32,156,0.0,0.6709190320507366,0.43784578535066226,0.0,0.4668132516305669,0.3876697983077242,5
32,157,0.0,0.6650742465238633,0.4346068332491252,0.0,0.4629191732366692,0.4102446107864076,5
32,158,0.0,0.0,0.43035761259645344,0.0,0.12910728377893602,0.3259034126841661,5
32,159,0.0,0.0,0.0,0.0,0.0,0.22813238887891626,5
32,160,0.0,0.0,0.49217080791547313,0.0,0.14765124237464194,0.20398804492763398,5
32,161,0.0,0.0,0.0,0.0,0.0,0.1427916314493438,5
33,152,0.0,0.0,0.44515720710097684,0.0,0.13354716213029305,0.13354716213029305,5
33,154,0.0,0.0,0.25296447972930813,0.0,0.07588934391879243,0.11624981666684286,5
33,155,0.0,0.0,0.5614014497426532,0.0,0.16842043492279593,0.13190100214362876,5
33,156,0.0,0.0,0.5319786522924099,0.0,0.15959359568772297,0.140208780206857,5
33,157,0.0,0.0,0.49277283744030187,0.0,0.14783185123209056,0.14249570151442706,5
33,158,0.0,0.0,0.0,0.0,0.0,0.09974699106009893,5
34,154,0.0,0.0,0.1297468537477549,0.0,0.038924056124326464,0.038924056124326464,5
34,155,0.0,0.0,0.11979372907412415,0.0,0.03593811872223725,0.0380282749036997,5
34,156,0.0,0.0,0.11629590495964912,0.0,0.03488877148789473,0.037086423878958205,5
34,157,0.0,0.0,0.128049012844423,0.0,0.03841470385332689,0.037484907871268805,5
34,158,0.0,0.0,0.0,0.0,0.0,0.02623943550988816,5
34,159,0.0,0.0,0.0,0.0,0.0,0.018367604856921713,5
35,156,0.0,0.9696843023466414,0.0,0.0,0.4848421511733207,0.4848421511733207,5
35,158,0.0,0.0,0.12534675219715025,0.0,0.03760402565914507,0.35067071351906803,5
39,175,0.0,0.0,0.0,0.0,0.0,0.0,5
39,176,0.0,0.0,0.0,0.0,0.0,0.0,5
39,177,0.0,0.0,0.0,0.0,0.0,0.0,5
39,178,0.0,0.0,0.0,0.0,0.0,0.0,5
39,182,0.0,0.0,0.04937198632794133,0.0,0.014811595898382398,0.004443478769514719,5
39,183,0.0,0.0,0.0,0.0,0.0,0.0031104351386603032,5
39,184,0.0,0.0,0.0,0.0,0.0,0.0021773045970622123,5
39,185,0.0,0.0,0.0,0.0,0.0,0.0015241132179435485,5
39,186,0.0,0.0,0.0,0.0,0.0,0.001066879252560484,5
39,187,0.0,0.0,0.0,0.0,0.0,0.0007468154767923387,5
39,188,0.0,0.0,0.0,0.0,0.0,0.000522770833754637,5
39,189,0.0,0.0,0.0,0.0,0.0,0.0003659395836282459,5
40,176,0.0,0.0,0.0,0.0,0.0,0.0,5
40,177,0.0,0.0,0.0,0.0,0.0,0.0,5
40,178,0.0,0.0,0.0,0.0,0.0,0.0,5
41,180,0.0,0.0,0.0,0.0,0.0,0.0,5
41,191,0.0,0.23842081383863398,0.0,0.0,0.11921040691931699,0.035763122075795094,5
42,184,0.0,0.6081839182983156,0.2516360843388596,0.0,0.3795827844508156,0.3795827844508156,5
42,188,0.0,0.6095116922012609,0.0,0.0,0.30475584610063045,0.35713470294576,5
42,189,0.0,0.0,0.07213917992996813,0.0,0.021641753978990437,0.2564868182557291,5
42,190,0.0,0.0,0.0,0.0,0.0,0.17954077277901037,5
42,191,0.0,0.0,0.009677060593743247,0.0,0.002903118178122974,0.12654947639874414,5
42,192,0.0,0.0,0.0,0.0,0.0,0.08858463347912089,5
