track_id,frame_idx,timestamp,center_x,center_y,velocity_x,velocity_y,speed,class_name
1,0,0.0,565.385498046875,313.4344482421875,-2.9710286458333335,-0.9399515787760416,3.1161707566829238,car
1,1,0.16683333333333333,556.472412109375,310.6145935058594,-6.3414306640625,-1.6726277669270833,6.5583097299386255,car
1,2,0.33366666666666667,546.3612060546875,308.41656494140625,-16.516316731770832,-3.7150675455729165,16.92898240451393,car
1,3,0.5005000000000001,515.8365478515625,302.28924560546875,-17.050679524739582,-3.345855712890625,17.37585746680884,car
1,4,0.6673333333333333,505.32037353515625,300.5770263671875,-19.891337076822918,-3.81280517578125,20.253463259705843,car
1,5,0.8341666666666667,486.68719482421875,296.9781494140625,-16.03045654296875,-3.49652099609375,16.40735189030009,car
1,6,1.0010000000000001,467.74517822265625,291.7996826171875,-17.212554931640625,-3.17572021484375,17.503063907719508,car
1,7,1.1678333333333335,453.6827087402344,291.04986572265625,-17.670186360677082,-3.0934651692708335,17.93892451554859,car
1,8,1.3346666666666667,433.6766357421875,287.69775390625,-17.8148193359375,-2.6403401692708335,18.009419318277804,car
1,9,1.5015,414.30072021484375,283.878662109375,-16.121266682942707,-3.3089599609375,16.457352626885225,car
1,10,1.6683333333333334,405.31890869140625,281.12298583984375,-12.792622884114584,-2.9157206217447915,13.120694608108215,car
1,11,1.8351666666666668,395.29876708984375,278.9505920410156,-12.31231689453125,-1.8788655598958333,12.454849782455119,car
1,12,2.0020000000000002,377.36376953125,278.2420654296875,-12.87127685546875,-2.06591796875,13.03601875358154,car
1,13,2.1688333333333336,366.705078125,274.92523193359375,-15.700398763020834,-2.0698115030924478,15.836244535122585,car
1,14,2.335666666666667,348.19757080078125,272.7411575317383,-10.415695190429688,-0.347598393758138,10.421493700198804,car
1,18,3.003,339.8740234375,290.5736083984375,-9.903752644856771,0.7072518666585287,9.928973846949113,car
1,19,3.1698333333333335,330.75115966796875,290.42132568359375,-10.194574991861979,0.5175927480061849,10.207705987022072,car
1,20,3.336666666666667,311.3711853027344,287.66827392578125,-13.051503499348959,-1.716064453125,13.163837616774119,car
1,21,3.5035000000000003,300.7195129394531,285.4254150390625,-16.4805908203125,-3.3567708333333335,16.81897096180637,car
1,22,3.6703333333333337,281.30938720703125,280.35101318359375,-10.019411453546262,-2.4406271541819855,10.312384146315752,car
1,107,17.851166666666668,281.6123046875,279.958251953125,-8.088147212009803,-2.3456564510569855,8.42141493512386,car
1,108,18.018,276.7544250488281,278.00030517578125,-3.50859805836397,-1.1110169653799022,3.680301486633587,car
1,109,18.184833333333334,271.08294677734375,276.62982177734375,-3.5405917226532355,-1.01946418668017,3.6844398454098917,car
1,163,27.193833333333334,266.09241485595703,291.21185302734375,-3.343897030677324,-0.48241584683641997,3.378516301729433,car
1,165,27.527500000000003,257.55682373046875,290.51824951171875,-2.1358180104950324,-4.08873908902392,4.612971483985905,car
1,166,27.694333333333336,255.50958251953125,278.32879638671875,-2.7874259948730464,-8.241902669270834,8.700500174508802,car
2,0,0.0,515.7706909179688,342.9390869140625,-3.3238525390625,-0.8657430013020834,3.434749866545709,car
2,1,0.16683333333333333,505.79913330078125,340.34185791015625,-9.648193359375,-2.707026163736979,10.02075973921361,car
2,3,0.5005000000000001,467.85308837890625,329.2941589355469,-14.0084228515625,-4.301666259765625,14.654017995027317,car
2,5,0.8341666666666667,441.69171142578125,319.726318359375,-17.00860595703125,-5.365549723307292,17.834847922952466,car
2,6,1.0010000000000001,422.7196044921875,313.93743896484375,-10.852930704752604,-3.4571851094563804,11.390269257713303,car
2,14,2.335666666666667,418.671630859375,315.5473937988281,-12.957148234049479,-3.8869845072428384,13.52761394033247,car
2,16,2.6693333333333333,379.88494873046875,303.4007568359375,-13.097559611002604,-3.981797536214193,13.689440433530075,car
3,0,0.0,240.98048400878906,269.57910919189453,-3.2563985188802085,-0.5266138712565104,3.298704819041101,car
3,1,0.16683333333333333,231.21128845214844,267.999267578125,-6.4666086832682295,-1.2575709025065105,6.587754734152684,car
3,2,0.33366666666666667,221.58065795898438,265.806396484375,-11.768061319986979,-3.5589319864908853,12.29444037422776,car
3,3,0.5005000000000001,205.67630004882812,258.9023132324219,-8.406387329101562,-2.9718848334418406,8.916246261186426,car
3,21,3.5035000000000003,211.36117553710938,262.16571044921875,-4.156524658203125,-1.885565863715278,4.564214703611011,car
3,25,4.170833333333333,223.83700561523438,266.4300537109375,1.1439133231521499,0.41755149606835457,1.2177384541657195,car
3,119,19.853166666666667,223.55087280273438,266.9253234863281,0.3048630301833999,0.3833328138851948,0.4897810871948262,car
3,120,20.020000000000003,221.34954833984375,267.00396728515625,-1.1577427640874334,-0.22478587914865936,1.1793629633244578,car
3,121,20.186833333333336,220.0806884765625,266.2456970214844,-2.3576863606770835,-0.7220586140950523,2.465776473549786,car
3,122,20.35366666666667,216.47781372070312,264.75914764404297,-2.2418060302734375,-0.9329045613606773,2.4281691040736653,car
3,123,20.520500000000002,214.62413024902344,264.2052536010742,-2.4308675130208335,-0.7706197102864586,2.5500924696453806,car
3,124,20.687333333333335,212.7880859375,263.933837890625,-1.6154578072684151,0.023550487699962524,1.6156294601595322,car
3,152,25.358666666666668,180.40200805664062,289.020751953125,-0.9759212675548735,0.2283234369187125,1.0022743697772005,car
3,153,25.5255,180.46693420410156,289.0811767578125,-0.33865065801711314,0.12395586286272293,0.36062352129813424,car
3,155,25.85916666666667,180.61846923828125,287.9121398925781,0.1867955525716145,-0.22430928548177112,0.2919027817850962,car
3,156,26.026000000000003,181.0381622314453,287.7633056640625,0.2910130818684895,-0.33632914225260446,0.44475375855294225,car
3,157,26.192833333333336,181.41574096679688,287.4876708984375,1.7195078531901042,0.02601114908854137,1.7197045784260003,car
3,158,26.35966666666667,185.77699279785156,287.99017333984375,3.033360799153646,0.24312337239583304,3.043088351009081,car
4,0,0.0,291.7750244140625,235.34613037109375,0.2735188802083333,0.1201324462890625,0.29873798299147547,car
4,1,0.16683333333333333,292.5955810546875,235.70652770996094,0.7328084309895834,0.0608978271484375,0.7353344421967571,car
4,2,0.33366666666666667,293.97344970703125,235.52882385253906,0.668731689453125,0.183441162109375,0.6934354565746323,car
4,3,0.5005000000000001,293.7812194824219,235.89645385742188,0.26823679606119794,0.08146921793619792,0.28033589180180335,car
4,7,1.1678333333333335,292.25750732421875,236.1143798828125,-0.43901824951171875,-0.013537089029947916,0.4392269073995108,car
4,8,1.3346666666666667,291.51361083984375,235.6516571044922,-0.14815521240234375,-0.20014190673828125,0.2490115455050598,car
4,9,1.5015,292.1939697265625,235.45947265625,-0.115020751953125,-0.21042887369791666,0.23981260239119226,car
4,10,1.6683333333333334,291.9124450683594,235.48309326171875,0.192474365234375,-0.057362874348958336,0.20084043573431612,car
4,11,1.8351666666666668,292.0910339355469,235.4795684814453,0.07541910807291667,0.13992818196614584,0.15895891912964527,car
4,12,2.0020000000000002,292.42022705078125,235.87925720214844,0.10248819986979167,0.08141581217447917,0.13089066270968466,car
4,13,2.1688333333333336,292.21990966796875,235.7273406982422,-1.2101252237955729,1.3907399495442707,1.8435185555140707,car
4,18,3.003,273.4236526489258,255.34957885742188,1.8183362325032553,-2.0797444661458333,2.76255021653876,car
4,20,3.336666666666667,292.2528076171875,235.3260498046875,1.8966612921820747,-1.9536348130967882,2.7228685315684085,car
4,26,4.337666666666667,292.46075439453125,236.6845245361328,3.192276424831814,-3.482006496853298,4.7238753176460495,car
4,28,4.671333333333334,292.7159423828125,235.36318969726562,0.09776475694444405,0.15672641330295178,0.18471901993897077,car
4,29,4.838166666666667,292.84698486328125,236.2676239013672,0.07982381184895794,0.19283294677734417,0.20870166817956173,car
4,30,5.005000000000001,292.82781982421875,236.60235595703125,-0.002766927083333731,0.5166219075520838,0.5166293170622804,car
4,31,5.171833333333334,292.7076416015625,236.91305541992188,-0.22265625000000042,-0.34849548339843706,0.4135515779357794,car
4,32,5.338666666666667,292.17901611328125,235.22213745117188,-0.14173380533854207,-0.8127746582031246,0.825040069689315,car
4,33,5.5055000000000005,292.4026184082031,234.16403198242188,-0.23493448893229207,-0.32072957356770787,0.39756970892008486,car
4,34,5.6723333333333334,292.0028381347656,235.95086669921875,0.01694742838541626,0.06376139322916712,0.06597522713415462,car
4,35,5.839166666666667,292.2298583984375,235.41342163085938,-0.041697184244792074,0.5114237467447921,0.5131207498322645,car
4,36,6.006,292.27752685546875,235.69830322265625,0.12546793619791627,-0.41968282063802037,0.4380363831378042,car
4,37,6.172833333333334,292.3792419433594,234.6918182373047,0.045399983723957926,-0.10739474826388846,0.11659670011110786,car
4,40,6.673333333333334,292.3396911621094,235.89007568359375,-0.011271158854167074,-0.31930881076388845,0.31950767698658605,car
4,41,6.840166666666668,292.21734619140625,235.53921508789062,-0.05858357747395874,0.11081610785590319,0.1253484954436171,car
4,42,7.007000000000001,292.1771240234375,235.82310485839844,0.0032653808593745928,-0.05998738606770789,0.06007619494769126,car
4,43,7.1738333333333335,292.3494873046875,235.71011352539062,-0.015421549479167074,0.45573933919270876,0.45600018582906876,car
4,44,7.340666666666667,292.17108154296875,236.90643310546875,0.09160359700520793,0.25598653157552126,0.2718829221050081,car
4,45,7.5075,292.4519348144531,236.591064453125,-0.02327473958333374,0.1810099283854171,0.1825001580184681,car
4,46,7.674333333333334,292.2796630859375,236.25314331054688,-0.029541015625000406,-0.31801350911458287,0.31938262880677687,car
4,47,7.841166666666667,292.08245849609375,235.952392578125,-0.07408650716145875,-0.34794108072916624,0.35574120678151,car
4,48,8.008000000000001,292.22967529296875,235.5472412109375,-0.08216094970703165,-0.24775695800781206,0.2610247725754131,car
4,56,9.342666666666668,290.65771484375,235.248291015625,0.4065475463867183,-0.10857645670572873,0.42079657130712445,car
4,57,9.509500000000001,291.9266357421875,235.36508178710938,0.4168624877929683,0.05463663736979211,0.42042775345119743,car
4,59,9.843166666666667,292.282958984375,235.5340576171875,0.48588053385416624,-0.00934346516927039,0.48597036279981,car
4,60,10.010000000000002,292.29351806640625,235.30474853515625,0.2085062662760412,0.027399698893229612,0.21029885062884926,car
4,61,10.176833333333335,292.7303161621094,235.53176879882812,-0.21173822312128018,-0.18371727353050551,0.2803303617591923,car
4,68,11.344666666666667,285.1523132324219,231.68972778320312,-1.3042166573660718,-0.22894432431175551,1.3241588246829366,car
4,69,11.511500000000002,281.88543701171875,231.32473754882812,-3.3629019601004466,-0.1675836472284222,3.3670749727420395,car
4,70,11.678333333333335,276.14617919921875,231.73583984375,-4.626546223958333,-0.33272298177083287,4.638494857712099,car
4,71,11.845166666666668,271.2726745605469,230.69155883789062,-4.392995198567708,-0.41930135091145787,4.412960507132951,car
4,72,12.012,268.7064514160156,230.06683349609375,-4.712364196777344,-0.6631724039713537,4.7587996344097245,car
4,73,12.178833333333333,262.0090866088867,229.74632263183594,-4.158760918511285,-0.5253940158420134,4.191817177456505,car
4,76,12.679333333333334,252.37100219726562,227.85348510742188,-3.9827050103081594,-0.523145887586805,4.016916829962092,car
4,77,12.846166666666667,250.33294677734375,227.23550415039062,-2.263128492567274,-0.5314517550998259,2.3246917089946586,car
4,78,13.013000000000002,248.7943115234375,226.89007568359375,-1.4729592459542407,-0.39226568312871973,1.524296987598718,car
4,85,14.180833333333334,242.8990020751953,225.3963623046875,-0.8777164277576261,-0.2715584891183031,0.9187655525583356,car
4,87,14.514500000000002,242.39434814453125,224.8846435546875,-1.1067711966378344,-0.2900368826729906,1.1441432930441056,car
4,89,14.848166666666668,237.9427490234375,224.08291625976562,-0.7397181193033852,-0.16639709472656203,0.7582024064583135,car
4,90,15.015,238.20172119140625,224.24044799804688,-0.5692850748697914,-0.028600056966145353,0.570003034841018,car
6,3,0.5005000000000001,570.0307006835938,375.87579345703125,-1.1811319986979167,-1.5198567708333333,1.9248473711429857,car
6,4,0.6673333333333333,566.4873046875,371.31622314453125,-6.400410970052083,-4.23162841796875,7.6728052010541585,car
6,5,0.8341666666666667,550.8294677734375,363.180908203125,-12.474095662434896,-6.832295735677083,14.222634341616477,car
6,6,1.0010000000000001,532.6084136962891,355.37890625,-15.251225789388021,-6.731089274088542,16.670556406270432,car
6,7,1.1678333333333335,520.7336273193359,351.1229553222656,-16.099222819010418,-6.385355631510417,17.319288146947827,car
6,8,1.3346666666666667,502.53179931640625,344.02484130859375,-15.844721476236979,-6.283070882161458,17.045004498966566,car
6,9,1.5015,485.0742492675781,336.5296936035156,-15.127456665039062,-6.038645426432292,16.288191542918643,car
6,10,1.6683333333333334,475.35125732421875,333.00701904296875,-12.221343994140625,-4.733052571614583,13.105839754429494,car
6,11,1.8351666666666668,465.8677673339844,329.82568359375,-12.796549479166666,-3.982879638671875,13.40205240957174,car
6,12,2.0020000000000002,446.6846008300781,324.5810546875,-12.719889322916666,-3.9032389322916665,13.305294380426417,car
6,13,2.1688333333333336,437.19158935546875,321.29730224609375,-12.723063151041666,-3.9373779296875,13.318381317058936,car
7,9,1.5015,98.25791931152344,236.59310913085938,-1.4567591349283855,-0.720367431640625,1.6251388906077562,car
7,10,1.6683333333333334,93.88764190673828,234.4320068359375,-4.1740875244140625,-1.246307373046875,4.35617822518548,car
7,11,1.8351666666666668,85.73565673828125,232.85418701171875,-9.614326477050781,-2.653386433919271,9.973752211431087,car
7,12,2.0020000000000002,69.4149398803711,228.63294982910156,-9.89910634358724,-2.5489654541015625,10.22201209585727,car
7,13,2.1688333333333336,64.19032287597656,226.7851104736328,-6.737568567669581,-1.9276554168216766,7.00790165527821,car
7,34,5.6723333333333334,92.1755142211914,232.79342651367188,-6.673623433188787,-1.8140232146732391,6.915773995105677,car
7,35,5.839166666666667,76.04663276672363,228.9130859375,-7.293049524700831,-1.9882378956628226,7.559210362166722,car
7,36,6.006,68.96373748779297,226.5426025390625,-9.532931009928385,-2.80731201171875,9.937694620544272,car
7,37,6.172833333333334,63.57672119140625,224.37149047851562,-6.739748001098633,-3.1748860677083335,7.450107694606937,car
7,38,6.339666666666667,55.827388763427734,219.388427734375,-4.3657093186309375,-2.3797693667204487,4.972194695862386,car
7,130,21.688333333333336,59.435699462890625,220.75616455078125,-2.556963630344557,-1.6511097783627722,3.043719189923732,car
8,10,1.6683333333333334,366.40185546875,298.133544921875,-0.98443603515625,-1.090850830078125,1.4693773650074686,car
8,11,1.8351666666666668,363.44854736328125,294.8609924316406,-6.878255208333333,-1.9692026774088542,7.154589708409478,car
8,13,2.1688333333333336,328.08563232421875,289.59088134765625,-12.690714518229166,-3.4703216552734375,13.156647269508,car
8,14,2.335666666666667,310.64825439453125,285.0875244140625,-8.962910970052084,-8.758875528971354,12.532025917188856,car
8,15,2.5025000000000004,318.87835693359375,265.9493103027344,-2.978854537513186,-7.7777460154601785,8.32867981355206,car
8,94,15.682333333333334,340.26458740234375,290.3076171875,0.7824166213409806,-6.5501866079080955,6.596750743189347,car
8,95,15.849166666666667,334.11102294921875,289.4869384765625,-2.530764937903811,-0.4727228221008038,2.5745364704074847,car
8,96,16.016000000000002,332.4015808105469,288.58111572265625,-3.6566772460937504,-0.6719767252604161,3.717908175492166,car
8,97,16.182833333333335,329.2945556640625,288.29168701171875,-4.135620117187501,-0.2655334472656244,4.144135828529601,car
8,98,16.349666666666668,321.70416259765625,288.6903381347656,-4.576833089192709,-0.15067545572916607,4.579312636115651,car
8,99,16.5165,318.67108154296875,288.12908935546875,-5.404978434244792,-0.5675048828124994,5.4346898408894795,car
8,100,16.683333333333334,313.0796203613281,286.58917236328125,-4.213724772135417,-0.7351786295572911,4.277378177419599,car
8,101,16.850166666666667,309.06298828125,286.48480224609375,-3.0728376799938726,-0.4807876886105999,3.1102231767366226,car
8,169,28.194833333333335,335.554443359375,300.21563720703125,-3.226575066061581,-0.4160497328814332,3.2532881884581033,car
8,170,28.361666666666668,329.50177001953125,298.86993408203125,-3.637453565410539,-1.7048884373085167,4.017177245801599,car
8,171,28.5285,324.25250244140625,294.8990478515625,-5.001444498697917,-4.459228515625,6.70068399703484,car
8,172,28.695333333333334,320.55010986328125,286.83795166015625,-0.22511800130208334,-2.4912312825520835,2.5013819016048595,car
8,173,28.86216666666667,328.826416015625,291.396240234375,1.4491068522135417,-1.1300048828125,1.837613045315126,car
8,174,29.029000000000003,328.5998229980469,291.509033203125,2.6077067057291665,1.5946248372395833,3.056626021391271,car
9,12,2.0020000000000002,576.1791381835938,419.0751953125,-2.39129638671875,-3.2678629557291665,4.049348923785294,car
9,13,2.1688333333333336,569.0052490234375,409.2716064453125,-7.172831217447917,-6.4241943359375,9.629111098117354,car
9,14,2.335666666666667,554.66064453125,399.8026123046875,-10.92742919921875,-11.11395263671875,15.586168615640156,car
9,15,2.5025000000000004,543.3968505859375,385.73333740234375,-6.5419921875,-9.475372314453125,11.514353749942538,car
9,16,2.6693333333333333,549.3792724609375,380.8454895019531,-6.796030680338542,-9.890619913736979,12.000433129104684,car
9,18,3.003,519.1658325195312,359.416015625,-2.493716557820638,-5.145236333211263,5.717698767454096,car
9,50,8.341666666666667,571.74658203125,364.75604248046875,-5.497622807820638,-3.553337732950846,6.545996148905217,car
9,51,8.508500000000002,568.71728515625,364.6438903808594,-2.5973033905029297,-1.233620325724284,2.87537893335089,car
9,52,8.675333333333334,562.3115234375,360.8883056640625,-5.495442708333333,-2.6968892415364585,6.121527762061452,car
9,53,8.842166666666667,555.26025390625,356.6653747558594,-6.5614013671875,-4.25653076171875,7.8211279254841495,car
9,54,9.009,549.0330810546875,351.8742980957031,-6.745259602864583,-3.58770751953125,7.6400374577444286,car
9,55,9.175833333333333,542.0757446289062,350.12518310546875,-7.20306396484375,-3.205841064453125,7.884259471387564,car
9,56,9.342666666666668,533.6510620117188,347.0478515625,-6.3594614664713545,-2.202606201171875,6.7300983812255515,car
9,57,9.509500000000001,529.9546966552734,345.2664794921875,-7.8383127848307295,-3.2372029622395835,8.480485265099727,car
9,58,9.676333333333334,518.5608062744141,340.41357421875,-7.548797607421875,-3.4806416829427085,8.3125935689685,car
9,59,9.843166666666667,511.0046691894531,336.6059265136719,-6.9612986246744795,-3.082305908203125,7.613165455553865,car
9,60,10.010000000000002,509.07080078125,336.0195617675781,-6.0495452880859375,-2.8300984700520835,6.678806445974753,car
9,61,10.176833333333335,500.41217041015625,331.92327880859375,-5.946461995442708,-2.1533101399739585,6.324330385278677,car
9,62,10.343666666666667,493.165283203125,330.14599609375,-5.224497477213542,-2.1034037272135415,5.632022827463191,car
9,63,10.5105,493.3973083496094,329.7093505859375,-4.115956624348958,-1.58465576171875,4.4104685484277635,car
9,64,10.677333333333333,488.0643005371094,327.1693115234375,-4.094746907552083,-2.4434916178385415,4.768396326161927,car
9,65,10.844166666666668,480.88104248046875,322.8155212402344,-6.063008626302083,-3.05364990234375,6.78858242409249,car
9,66,11.011000000000001,475.2082824707031,320.54840087890625,-5.595550537109375,-2.14093017578125,5.991140778759563,car
9,67,11.177833333333334,471.27764892578125,320.74652099609375,-5.174458821614583,-1.347076416015625,5.346927993452921,car
9,68,11.344666666666667,465.357666015625,318.7742919921875,-5.089304606119792,-0.79278564453125,5.150682522932952,car
9,69,11.511500000000002,459.94036865234375,318.1700439453125,-5.490885416666667,-1.4897257486979167,5.6893853328190245,car
9,70,11.678333333333335,454.80499267578125,316.27734375,-4.596537272135417,-1.15155029296875,4.738588710931401,car
9,71,11.845166666666668,451.56805419921875,315.31964111328125,-4.054219563802083,-1.28460693359375,4.2528709415349875,car
9,72,12.012,447.7777099609375,314.31622314453125,-4.041361490885417,-0.982666015625,4.15911471328646,car
9,73,12.178833333333333,442.680908203125,313.329345703125,-4.472371419270833,-1.0588175455729167,4.5959983362403065,car
9,74,12.345666666666668,438.15093994140625,312.1431884765625,-5.1773681640625,-0.9803059895833334,5.269358683887524,car
9,75,12.512500000000001,432.24560546875,311.37530517578125,-5.043782552083333,-1.15045166015625,5.173324023783599,car
9,76,12.679333333333334,427.549560546875,309.87799072265625,-5.061899820963542,-1.1456807454427083,5.189933927127483,car
9,77,12.846166666666667,422.9652404785156,308.7061462402344,-4.260477701822917,-1.2568359375,4.441993563876673,car
9,78,13.013000000000002,419.46417236328125,307.60479736328125,-3.6203816731770835,-1.1041259765625,3.785004310644387,car
9,79,13.179833333333335,416.68841552734375,306.56561279296875,-3.8677571614583335,-0.942352294921875,3.9809010673158847,car
9,80,13.346666666666668,411.3619689941406,305.87908935546875,-3.7582906087239585,-0.9172871907552084,3.8686126828549643,car
9,81,13.5135,408.1893005371094,304.8529357910156,-5.082895914713542,-1.0044352213541667,5.181189148613319,car
9,82,13.680333333333335,401.4397277832031,303.55230712890625,-4.610768636067708,-1.16082763671875,4.754651219334149,car
9,83,13.847166666666668,397.5296630859375,302.3966064453125,-4.8565673828125,-1.204010009765625,5.0035873977991105,car
10,18,3.003,239.85015869140625,269.9414978027344,-3.166254679361979,-0.8352788289388021,3.2745777463140198,car
10,19,3.1698333333333335,230.3513946533203,267.43566131591797,2.1556854248046875,-6.1001332600911455,6.469822674663162,car
10,20,3.336666666666667,246.3172149658203,251.64109802246094,2.7497117784288196,-3.7953414916992188,4.686740008048647,car
10,23,3.837166666666667,251.6634521484375,272.3842239379883,5.872397528754341,-3.0020711360833587,6.595262226919027,car
10,75,12.512500000000001,244.86669921875,265.8309020996094,-2.1246015760633674,1.7858952742356518,2.775491629882565,car
10,76,12.679333333333334,236.84152221679688,264.4002380371094,-5.011912027994791,-0.8854863582513275,5.089533207181977,car
10,77,12.846166666666667,229.961669921875,263.3004684448242,-6.4885508219401045,-1.2499694824218752,6.607852561603173,car
10,78,13.013000000000002,225.4010467529297,262.08099365234375,-5.9134368896484375,-1.241055806477865,6.042264092428219,car
10,79,13.179833333333335,219.10121154785156,260.6770706176758,-4.9911142985026045,-1.1453628540039065,5.120847391599277,car
10,80,13.346666666666668,214.9883270263672,259.8643798828125,-4.358469645182292,-1.1659723917643232,4.511734618340498,car
10,81,13.5135,212.3256378173828,258.5830764770508,-3.146087646484375,-1.1250991821289065,3.341214696631859,car
11,26,4.337666666666667,579.6834716796875,370.0899658203125,-0.6513671875,-1.0852864583333333,1.2657511246660498,car
11,27,4.5045,577.7293701171875,366.8341064453125,-1.3162434895833333,-2.2349751790364585,2.593763862571063,car
11,28,4.671333333333334,575.7347412109375,363.3850402832031,-2.637939453125,-4.599019368489583,5.301858514718753,car
11,29,4.838166666666667,571.7696533203125,356.29290771484375,-2.58087158203125,-4.1475830078125,4.885012070571727,car
11,30,5.005000000000001,569.9867553710938,354.391357421875,-3.479248046875,-4.665537516276042,5.820000626070647,car
11,31,5.171833333333334,565.2969970703125,349.388427734375,-5.982177734375,-5.19683837890625,7.924240000285513,car
11,32,5.338666666666667,553.8231201171875,340.702392578125,-6.9039306640625,-5.279866536458333,8.691446902385987,car
11,33,5.5055000000000005,549.2749633789062,338.5517578125,-8.313863118489584,-5.287089029947917,9.852595108070611,car
11,34,5.6723333333333334,540.3554077148438,333.52716064453125,-6.998942057291667,-3.6114298502604165,7.8757612638193955,car
11,35,5.839166666666667,532.8262939453125,329.86810302734375,-6.849751790364583,-3.7862752278645835,7.8265560555549465,car
11,36,6.006,528.7257080078125,327.19293212890625,-5.3827565511067705,-3.1168111165364585,6.220014439263634,car
11,37,6.172833333333334,524.2071380615234,324.1767272949219,-5.57611083984375,-2.8003336588541665,6.239782103498049,car
11,38,6.339666666666667,516.0979614257812,321.46710205078125,-5.657796223958333,-2.46807861328125,6.17268743362026,car
11,39,6.506500000000001,511.7523193359375,319.7886962890625,-6.7864125569661455,-2.457794189453125,7.217766113629432,car
11,40,6.673333333333334,503.847900390625,316.8033447265625,-6.689056396484375,-2.815704345703125,7.257524814822199,car
11,41,6.840166666666668,496.0307922363281,313.0199890136719,-7.802632649739583,-3.2163899739583335,8.439564013108843,car
11,42,7.007000000000001,488.34442138671875,310.1395263671875,-7.932373046875,-3.0138651529947915,8.485630519603436,car
11,43,7.1738333333333335,480.05078125,307.7617492675781,-8.162933349609375,-2.6757609049479165,8.590295529876293,car
11,44,7.340666666666667,471.5419921875,304.9927062988281,-6.815134684244792,-2.2881266276041665,7.188990487429203,car
11,45,7.5075,467.8990173339844,303.275146484375,-5.40313720703125,-1.8142191569010417,5.699586197898246,car
11,46,7.674333333333334,463.84136962890625,302.319091796875,-5.179738362630208,-1.5972086588541667,5.420402660801298,car
11,47,7.841166666666667,456.0027770996094,300.2010803222656,-4.866933186848958,-1.17962646484375,5.007849562617823,car
11,48,8.008000000000001,453.2982177734375,299.73626708984375,-6.874888102213542,-1.6735738118489583,7.075657970935564,car
11,50,8.341666666666667,433.13519287109375,294.8604736328125,-6.383209228515625,-1.4254557291666667,6.5404345490816675,car
11,52,8.675333333333334,420.4080810546875,292.1131591796875,-8.123291015625,-2.0112406412760415,8.368568924353452,car
11,53,8.842166666666667,412.4832763671875,289.8909912109375,-7.246236165364583,-2.0922037760416665,7.542231447305276,car
11,55,9.175833333333333,397.58258056640625,284.5294189453125,-7.537404378255208,-1.3284912109375,7.653584366744706,car
11,56,9.342666666666668,390.34552001953125,285.4468994140625,-6.487375895182292,-0.5504964192708334,6.510690617209687,car
11,57,9.509500000000001,385.57080078125,285.5587158203125,-6.98760986328125,-0.9669664171006945,7.05419844158257,car
11,60,10.010000000000002,358.7176513671875,273.76812744140625,-8.761454264322916,0.3824598524305555,8.769797966004885,car
11,61,10.176833333333335,346.1590576171875,278.73388671875,-10.355712890625,-1.591223822699653,10.477250723686232,car
11,62,10.343666666666667,336.6015625,272.9246520996094,-7.365203857421875,-0.27423095703125017,7.370307353101113,car
11,63,10.5105,336.6220397949219,272.9454345703125,-6.190633138020833,-1.2032470703125002,6.3064841363296305,car
11,64,10.677333333333333,327.587158203125,275.1241455078125,-7.361582438151042,0.5431315104166665,7.381591144956576,car
11,65,10.844166666666668,314.5168151855469,274.5540466308594,-9.080607096354166,0.42471313476562483,9.090533894398067,car
11,66,11.011000000000001,309.3802185058594,274.2195739746094,-8.446197509765625,-0.36541493733723973,8.454098441016654,car
11,67,11.177833333333334,302.2485656738281,274.0279006958008,-7.951466878255208,-0.6237792968750001,7.975896571997376,car
11,68,11.344666666666667,290.66241455078125,272.6827087402344,-7.736887613932292,-0.7944412231445314,7.77756818084228,car
11,69,11.511500000000002,286.1695556640625,271.8362503051758,-7.915883382161458,-1.119163513183594,7.99460672511296,car
11,70,11.678333333333335,278.50091552734375,270.67041015625,-6.363527933756511,-0.9773356119791669,6.438142019413839,car
11,71,11.845166666666668,271.5718307495117,269.7507019042969,-6.692446390787761,-0.8327356974283856,6.744055711168144,car
11,72,12.012,266.0922164916992,269.3380432128906,-4.174215551008258,-0.4052051744962995,4.193836751677126,car
11,110,18.351666666666667,261.76220703125,273.77459716796875,-1.7857547559236224,0.14024567185786715,1.79125344292166,car
11,111,18.518500000000003,261.9985046386719,274.4912414550781,-1.5520307975902892,0.2741466321443255,1.5760570968669967,car
11,112,18.685333333333336,257.2200622558594,274.48028564453125,-3.0033298068576393,-0.06425984700520848,3.0040171864849037,car
11,115,19.185833333333335,243.8165283203125,271.7848815917969,-5.677066379123264,-0.8607686360677085,5.741951351048665,car
11,116,19.352666666666668,236.0316162109375,270.11199951171875,-4.528934054904514,-0.8093465169270835,4.600683151243502,car
11,117,19.5195,234.69757080078125,270.25531005859375,-4.623138427734375,-0.8928705851236981,4.708569507161746,car
11,118,19.686333333333334,229.94711303710938,269.1062698364258,-1.9420916987400432,-0.366926903818168,1.976450231870404,car
11,169,28.194833333333335,243.1167449951172,264.2586669921875,-2.1865578445733767,-0.7091535680434284,2.298680924081047,car
11,170,28.361666666666668,241.04930114746094,263.3752975463867,0.6396699793198527,-0.9349048090916056,1.1327950761305736,car
11,171,28.5285,244.77752685546875,261.5490036010742,1.7963358561197913,-1.5119857788085938,2.347961563420716,car
12,44,7.340666666666667,581.1405029296875,307.3948974609375,-1.5015462239583333,-0.5769856770833334,1.6085874344414237,car
12,45,7.5075,576.6358642578125,305.6639404296875,-2.7764485677083335,-1.4652303059895833,3.139357657024759,car
12,46,7.674333333333334,572.8111572265625,302.99920654296875,-5.360921223958333,-2.6235860188802085,5.968473839094096,car
12,47,7.841166666666667,565.0577392578125,299.5241394042969,-5.276326497395833,-2.5144246419270835,5.844822716477509,car
12,48,8.008000000000001,560.806884765625,298.12066650390625,-10.859578450520834,-2.8754984537760415,11.233829956016109,car
12,49,8.174833333333334,540.232421875,294.3727111816406,-12.393997192382812,-2.7834981282552085,12.702717356329444,car
12,50,8.341666666666667,527.8757476806641,291.17364501953125,-13.176778157552084,-2.7338460286458335,13.457391898941054,car
12,51,8.508500000000002,521.2765502929688,289.91912841796875,-9.730448404947916,-2.707977294921875,10.100235996805512,car
12,52,8.675333333333334,511.04107666015625,286.248779296875,-9.333216349283854,-2.1377766927083335,9.574916010619958,car
12,53,8.842166666666667,499.8760986328125,284.76031494140625,-10.777821858723959,-2.0113321940104165,10.9638907880848,car
12,54,9.009,488.9430847167969,283.8851318359375,-9.840087890625,-1.4132609049479168,9.941058096635336,car
12,59,9.843166666666667,451.83172607421875,274.50445556640625,-6.751942952473958,-0.6592122395833334,6.7840470524812275,car
12,60,10.010000000000002,449.9311828613281,275.27813720703125,-6.396881103515625,-0.6306376139322918,6.427891695775645,car
12,61,10.176833333333335,440.0633544921875,274.4886779785156,-5.876983642578125,-0.17740885416666682,5.879660758637999,car
12,62,10.343666666666667,434.2007751464844,273.97222900390625,-5.224355061848958,-0.4365132649739585,5.242559455339067,car
12,63,10.5105,434.25811767578125,273.9685974121094,-3.3176717122395836,-0.5226547241210939,3.3585880293422155,car
12,68,11.344666666666667,413.51922607421875,268.7291793823242,-2.253727213541667,-0.4984008789062502,2.30817889019738,car
12,69,11.511500000000002,410.8484802246094,268.2854919433594,-3.43203125,-0.7840962727864585,3.520460973505342,car
12,70,11.678333333333335,407.37091064453125,267.4247741699219,-2.75787353515625,-0.3357925415039064,2.7782410022971162,car
12,71,11.845166666666668,405.24560546875,267.7218017578125,-2.552093505859375,-0.14619954427083348,2.556277678460342,car
12,72,12.012,403.19219970703125,267.8468933105469,-2.151034884982639,-0.05996110704210086,2.1518704446992127,car
12,75,12.512500000000001,396.3690185546875,266.04088592529297,-1.9655490451388886,-0.17328898111979182,1.9731731094417269,car
12,78,13.013000000000002,391.6624755859375,265.9120178222656,-1.9664374457465275,-0.3359273274739585,1.9949244089383245,car
12,81,13.5135,385.4942626953125,264.82354736328125,-1.4839765760633679,-0.17927527049231165,1.4947662362104812,car
12,109,18.184833333333334,362.33795166015625,261.1262512207031,-2.2493167453342013,-0.4244501023065477,2.2890136981217224,car
12,110,18.351666666666667,358.47308349609375,260.34777069091797,-2.267064412434896,-0.48605237688337066,2.3185831801345307,car
12,111,18.518500000000003,356.36376953125,259.8001403808594,-2.5340118408203125,-0.46067810058593767,2.575546606407466,car
12,115,19.185833333333335,349.85235595703125,259.5764465332031,-2.1764678955078125,-0.4599533081054689,2.2245380522286804,car
12,116,19.352666666666668,347.06011962890625,258.8001403808594,-1.7968902587890625,-0.32787831624348973,1.8265592769997063,car
12,117,19.5195,346.08953857421875,258.6487350463867,-1.5879364013671875,-0.1863466898600262,1.598833044319751,car
12,119,19.853166666666667,344.0875549316406,259.3860778808594,-0.8700510660807291,-0.06330998738606786,0.8723514269438879,car
12,120,20.020000000000003,343.448974609375,258.9788818359375,-0.7025502522786459,-0.1746762593587241,0.7239396746693368,car
12,121,20.186833333333336,342.98089599609375,258.4933776855469,-0.8335062662760416,-0.7037022908528647,1.0908389478163114,car
12,122,20.35366666666667,341.5870361328125,257.2749710083008,-1.1535847981770833,-0.5448913574218751,1.2757995445908872,car
12,123,20.520500000000002,339.98822021484375,257.3442077636719,-1.2384847005208333,-0.6799214680989585,1.4128473223268043,car
12,124,20.687333333333335,339.26544189453125,256.45361328125,-1.2867151896158855,-0.31739934285481786,1.325284241977137,car
12,128,21.354666666666667,333.1112365722656,255.9302520751953,-0.7808049519856771,-0.08629226684570328,0.7855588637159698,car
12,129,21.521500000000003,333.0301513671875,256.69281005859375,-1.148602803548177,-0.12565485636393245,1.1554555565864801,car
12,131,21.85516666666667,329.3778076171875,254.67544555664062,-1.0516255696614583,-0.11828274197048626,1.0582566540371212,car
12,134,22.355666666666668,325.63494873046875,254.34927368164062,-1.2044474283854167,-0.5126868353949654,1.3090230704351806,car
12,135,22.5225,325.09539794921875,253.92861938476562,-1.0222574869791667,-0.4354214138454862,1.1111265352425723,car
12,136,22.689333333333334,323.8157958984375,253.1517333984375,-1.1748250325520833,-0.23682657877604177,1.1984576277556784,car
12,137,22.856166666666667,322.1104736328125,253.6387939453125,1.5664011637369792,2.8387298583984375,3.2422214320924128,car
12,139,23.189833333333336,337.4787292480469,271.2508239746094,1.8008799833409928,3.1221747304878984,3.6043229269996657,car
12,173,28.86216666666667,317.88909912109375,273.7480773925781,2.3767975451899512,2.97045150457644,3.8043066006647535,car
12,174,29.029000000000003,317.9115295410156,273.77996826171875,1.8180461210363053,2.659421434589461,3.2214614796655607,car
12,175,29.195833333333336,323.9194030761719,281.65289306640625,4.012725830078125,5.259246826171875,6.615258556245184,car
13,58,9.676333333333334,271.35400390625,228.1201934814453,-0.9263502756754557,-0.058925628662109375,0.928222528792109,pedestrian
13,62,10.343666666666667,260.23780059814453,227.4130859375,-0.8671105702718099,-0.0878461201985677,0.8715490129138147,pedestrian
13,63,10.5105,260.41551971435547,227.32632446289062,-1.2626972198486328,-0.4965171813964844,1.3568100752999206,pedestrian
13,64,10.677333333333333,259.228759765625,226.10031127929688,-0.3222796764437999,-0.3982637450349853,0.5123262636816622,pedestrian
13,163,27.193833333333334,263.40673828125,237.78067016601562,-0.3272082653109874,-0.258655997639152,0.4170949220531587,pedestrian
13,164,27.36066666666667,263.5696716308594,238.11273193359375,0.0350226713752105,0.10702596850668138,0.11261059206419768,pedestrian
13,165,27.527500000000003,263.4696044921875,237.9837646484375,0.10514322916666673,-3.7039388020833335,3.7054308451539226,pedestrian
13,166,27.694333333333336,263.72216796875,226.66885375976562,-0.030649820963541612,-7.9870249430338545,7.987083751418289,pedestrian
13,167,27.86116666666667,263.47772216796875,214.1516571044922,-0.002115885416666611,-7.943461100260417,7.943461382062704,pedestrian
13,168,28.028000000000002,263.4632568359375,214.15338134765625,-0.1430562337239583,-4.147298177083333,4.149764722926593,pedestrian
13,169,28.194833333333335,263.2929992675781,214.22695922851562,0.19880167643229174,0.0634918212890625,0.20869431693961354,pedestrian
13,170,28.361666666666668,264.0741271972656,214.34213256835938,1.6396280924479167,0.21161397298177084,1.6532273755008788,pedestrian
13,171,28.5285,268.38214111328125,214.78822326660156,3.13238525390625,0.335784912109375,3.150331551771912,pedestrian
14,71,11.845166666666668,575.2966918945312,330.13958740234375,-1.1545613606770833,-0.683837890625,1.3418815880035642,car
14,72,12.012,571.8330078125,328.08807373046875,-3.4147745768229165,-2.0554707845052085,3.985680061980714,car
14,73,12.178833333333333,565.0523681640625,323.9731750488281,-6.679056803385417,-3.8595174153645835,7.713992122264031,car
14,74,12.345666666666668,555.259521484375,318.56103515625,-9.2869873046875,-4.209136962890625,10.196321256698365,car
14,75,12.512500000000001,543.9720458984375,315.4606628417969,-11.242899576822916,-4.434824625651042,12.085961292127566,car
14,76,12.679333333333334,531.3236694335938,310.668701171875,-11.515584309895834,-3.7404378255208335,12.10783040535777,car
14,77,12.846166666666667,520.7127685546875,307.3397216796875,-10.163736979166666,-3.496124267578125,10.7482293553882,car
14,78,13.013000000000002,513.4808349609375,304.9722900390625,-9.8154296875,-3.0349527994791665,10.273928092279155,car
14,79,13.179833333333335,501.87738037109375,301.5638427734375,-9.574630737304688,-2.6490936279296875,9.934347024604957,car
14,81,13.5135,482.1003723144531,297.2210388183594,-11.283655802408854,-2.7980194091796875,11.625394654865753,car
14,82,13.680333333333335,469.7413635253906,294.4068298339844,-10.912002563476562,-2.7259674072265625,11.247341830431782,car
14,83,13.847166666666668,459.25286865234375,291.21453857421875,-12.064381917317709,-2.640838623046875,12.350033995089998,car
14,84,14.014000000000001,445.9072265625,289.29852294921875,-11.422821044921875,-2.9645589192708335,11.801247824282749,car
14,85,14.180833333333334,435.472900390625,285.5131530761719,-11.236226399739584,-3.0692342122395835,11.647874585339022,car
14,86,14.347666666666667,425.544189453125,282.0068359375,-6.653760274251302,-2.5013147989908853,7.108382482031729,car
14,94,15.682333333333334,428.75823974609375,280.30877685546875,-6.500155131022136,-1.5004501342773438,6.671084419553263,car
14,95,15.849166666666667,418.78472900390625,279.5260009765625,-3.9613672892252603,-0.43750254313151044,3.985453459192621,car
14,96,16.016000000000002,416.4723815917969,279.2085266113281,-5.952779134114583,-0.43817138671875,5.968883780380466,car
14,97,16.182833333333335,410.89990234375,278.9942626953125,-6.72979736328125,-0.6424967447916666,6.760397519221422,car
14,98,16.349666666666668,398.5953369140625,277.5985107421875,-7.588816324869792,-0.69427490234375,7.620508569159586,car
14,99,16.5165,393.7059326171875,277.1257019042969,-8.728647867838541,-1.1702473958333333,8.80674585577312,car
14,100,16.683333333333334,384.7139587402344,275.4835205078125,-7.32208251953125,-0.3446146647135417,7.330187698139846,car
14,101,16.850166666666667,376.62908935546875,276.5646667480469,-7.776662190755208,-1.33135986328125,7.889803160705459,car
14,102,17.017000000000003,370.3759460449219,273.1316223144531,-7.1182607014973955,-1.3231404622395833,7.24018895452997,car
14,104,17.35066666666667,356.3424072265625,269.8965759277344,-4.3533579508463545,-1.7635269165039062,4.6969939997226895,car
14,105,17.517500000000002,356.55224609375,269.6565628051758,-7.8401133219401045,-1.0310440063476562,7.907618392657054,car
14,106,17.684333333333335,339.8388366699219,268.4209671020508,-7.948720296223958,-0.7865193684895834,7.987538235564944,car
14,107,17.851166666666668,332.4962463378906,267.5370178222656,-10.380045572916666,-1.2580413818359375,10.456003740159934,car
14,108,18.018,325.412109375,265.88243865966797,-7.942657470703125,-1.8092498779296875,8.146115197915185,car
14,109,18.184833333333334,316.0108642578125,262.9932174682617,-9.378896077473959,-1.7829081217447917,9.546855660511474,car
14,110,18.351666666666667,304.35955810546875,262.18829345703125,-7.807912190755208,-1.347796122233073,7.923386092173617,car
14,111,18.518500000000003,301.9883728027344,261.83905029296875,-6.996968587239583,-0.9185791015625,7.057007650317863,car
14,112,18.685333333333336,295.01995849609375,260.2374801635742,-5.378824869791667,-1.11553955078125,5.4932854895086765,car
14,113,18.85216666666667,288.22308349609375,258.8416748046875,-5.63922119140625,-1.1671346028645833,5.758734134061859,car
14,114,19.019000000000002,285.0707092285156,258.337646484375,-6.1977386474609375,-1.059130350748698,6.2875847065552914,car
14,116,19.352666666666668,267.78277587890625,255.78253173828125,-4.4430592854817705,-0.8060963948567709,4.515591568344823,car
14,117,19.5195,266.24993896484375,255.1458282470703,-5.1491851806640625,-1.1014607747395833,5.2656741128805455,car
14,118,19.686333333333334,260.97918701171875,253.75570678710938,-5.625528971354167,-1.237701416015625,5.760076475425665,car
14,119,19.853166666666667,250.90618896484375,252.06942749023438,-6.127482096354167,-1.2034149169921875,6.244537156874012,car
14,120,20.020000000000003,247.86749267578125,251.53558349609375,-5.63116455078125,-0.961822509765625,5.712715355964031,car
14,121,20.186833333333336,244.085693359375,250.8702392578125,-4.932261149088542,-0.8365224202473959,5.002696253260314,car
14,122,20.35366666666667,236.10940551757812,249.5598602294922,-6.578125,-1.095367431640625,6.668699897725491,car
15,77,12.846166666666667,574.328369140625,322.7491760253906,-1.294189453125,-0.8596293131510416,1.5536694940071771,car
15,78,13.013000000000002,570.44580078125,320.1702880859375,-4.021586100260417,-2.4238993326822915,4.695576933326239,car
15,79,13.179833333333335,562.2636108398438,315.47747802734375,-7.606353759765625,-3.6488138834635415,8.436258665715327,car
15,81,13.5135,540.7550048828125,308.12799072265625,-10.669016520182291,-4.315012613932292,11.508572777122168,car
15,82,13.680333333333335,527.6844482421875,303.5505065917969,-11.382171630859375,-3.9994099934895835,12.064373640200486,car
15,83,13.847166666666668,517.36279296875,299.80450439453125,-11.7376708984375,-3.9671834309895835,12.38997427338511,car
15,84,14.014000000000001,505.5419921875,296.2264404296875,-10.998860677083334,-3.3440653483072915,11.49598665829252,car
15,85,14.180833333333334,494.6878662109375,293.518310546875,-10.878641764322916,-3.1241455078125,11.31835375796568,car
15,86,14.347666666666667,484.72686767578125,290.43206787109375,-7.886393229166667,-2.2364095052083335,8.19736089482658,car
15,87,14.514500000000002,481.8828125,289.5172119140625,-5.872263590494792,-1.809326171875,6.144683952204754,car
15,88,14.681333333333335,477.0710754394531,288.09033203125,-7.011739095052083,-1.1598307291666667,7.10701712798,car
15,89,14.848166666666668,463.691650390625,286.95257568359375,-7.17596435546875,-1.302490234375,7.293212271804536,car
15,90,15.015,460.35491943359375,285.6097412109375,-8.25592041015625,-1.61334228515625,8.412080310357702,car
15,91,15.181833333333335,452.3033142089844,283.25030517578125,-6.847412109375,-2.0624287923177085,7.151270175220376,car
15,92,15.348666666666668,443.1494140625,280.7652893066406,-6.722676595052083,-1.4019775390625,6.867308178733266,car
15,93,15.515500000000001,440.1868896484375,281.40380859375,-4.040140916526569,-0.6430230120566324,4.090992204762377,car
15,172,28.695333333333334,439.87103271484375,274.8805847167969,-0.22175441479045807,-0.0022674646390976605,0.22176600703206992,car
15,178,29.696333333333335,453.6785888671875,271.50408935546875,1.5328401761383617,-0.40269030263822964,1.5848528276855087,car
16,82,13.680333333333335,581.26806640625,297.9959411621094,-0.7353312174479166,-0.14561971028645834,0.7496112988591803,car
16,83,13.847166666666668,579.0620727539062,297.55908203125,-1.5850830078125,-0.825653076171875,1.7872300198485929,car
16,84,14.014000000000001,576.5128173828125,295.51898193359375,-2.3929646809895835,-1.4024658203125,2.773660098427418,car
16,85,14.180833333333334,574.0891723632812,293.7885437011719,-2.4399210611979165,-2.0311381022135415,3.1747026278284385,car
16,86,14.347666666666667,571.7423095703125,291.4656677246094,-1.89111328125,-1.72222900390625,2.557808082013984,car
16,87,14.514500000000002,570.8394775390625,290.352294921875,-1.6113484700520833,-1.2932840983072917,2.0661625422201646,car
16,88,14.681333333333335,569.255126953125,289.90869140625,-2.5606282552083335,-1.1523844401041667,2.807989843137875,car
16,89,14.848166666666668,564.0604248046875,288.0085144042969,-3.0062459309895835,-0.798095703125,3.11038122244493,car
16,90,15.015,561.8207397460938,287.9580078125,-4.172587076822917,-1.235504150390625,4.351660995447839,car
16,91,15.181833333333335,556.7373657226562,286.2021789550781,-3.6159871419270835,-1.1544596354166667,3.7958055878019334,car
16,92,15.348666666666668,553.2124633789062,284.5451354980469,-3.3969930013020835,-1.3926798502604167,3.6713919180900194,car
16,93,15.515500000000001,551.6297607421875,283.77996826171875,-4.51123046875,-0.9587198893229166,4.611978335634469,car
16,94,15.682333333333334,543.2036743164062,283.3260192871094,-4.4599609375,-0.669036865234375,4.509862735280146,car
16,95,15.849166666666667,539.8325805664062,282.53802490234375,-4.5968882242838545,-0.5836588541666666,4.633793155138316,car
16,96,16.016000000000002,537.8390960693359,282.02899169921875,-2.5143025716145835,-0.40435791015625,2.5466100488951264,car
16,97,16.182833333333335,535.6607666015625,282.1129455566406,-3.3464152018229165,-0.35455322265625,3.365145270369088,car
16,98,16.349666666666668,529.7933349609375,281.474365234375,-3.199681599934896,-0.6400655110677084,3.263073121984903,car
16,99,16.5165,528.2400512695312,280.1087951660156,-3.7464803059895835,-1.0974629720052083,3.9039133773804853,car
16,100,16.683333333333334,524.4213256835938,278.820556640625,-2.7093048095703125,-0.9158528645833334,2.859915911478225,car
16,101,16.850166666666667,521.6654205322266,278.726806640625,-2.7385457356770835,-0.7835286458333334,2.8484293716426525,car
16,102,17.017000000000003,520.0244140625,277.7582092285156,-2.3457234700520835,-0.3062744140625,2.365633660282698,car
16,103,17.183833333333336,517.3841552734375,277.9017333984375,-1.8141937255859375,-0.2864990234375,1.8366764996552944,car
16,104,17.35066666666667,516.2228393554688,277.8673095703125,-1.27587890625,0.004974365234375,1.2758886031794394,car
16,105,17.517500000000002,516.19677734375,277.77313232421875,-1.06640625,-0.16253662109375,1.0787216708844019,car
16,106,17.684333333333335,514.1849365234375,277.41412353515625,-1.1364949544270833,-0.21571858723958334,1.156786622640001,car
16,107,17.851166666666668,512.8133544921875,277.22015380859375,-1.3292439778645833,-0.346343994140625,1.3736242990594416,car
16,108,18.018,512.2090454101562,276.7341003417969,-1.5104166666666667,-0.5895487467447916,1.6213963832859624,car
16,109,18.184833333333334,509.6536865234375,275.6454772949219,-1.5793355305989583,-0.6508280436197916,1.7081796921209018,car
16,110,18.351666666666667,508.0753479003906,275.2676696777344,-1.6097005208333333,-0.4870503743489583,1.6817710408746385,car
16,111,18.518500000000003,507.37994384765625,275.27294921875,-1.185577392578125,-0.3046162923177083,1.2240853072142206,car
16,112,18.685333333333336,506.0969543457031,274.73162841796875,-0.7597452799479166,-0.4911397298177083,0.9046718325495438,car
16,113,18.85216666666667,505.7961120605469,273.79425048828125,-0.6178690592447916,-0.44146728515625,0.7593783893654557,car
16,114,19.019000000000002,505.5263366699219,273.94854736328125,-0.3218994140625,-0.391510009765625,0.5068523656060615,car
16,115,19.185833333333335,505.1312561035156,273.5570983886719,-0.3403981526692708,-0.8340199788411459,0.9008108721850762,car
16,117,19.5195,504.4185791015625,269.02728271484375,-1.1461232503255208,-0.6111704508463541,1.2988948475240296,car
16,118,19.686333333333334,501.73162841796875,269.8501281738281,-2.145848592122396,-1.7027333577473958,2.7393369759668835,car
16,119,19.853166666666667,498.3373718261719,266.1839904785156,-2.900519476996528,-0.9805018107096354,3.061763713489512,car
16,122,20.35366666666667,490.476318359375,265.8893508911133,-2.204840766059028,-1.0542271931966145,2.443914437649357,car
16,123,20.520500000000002,489.87640380859375,266.4910202026367,-1.6655442979600696,0.6964569091796875,1.8052949993869214,car
16,124,20.687333333333335,488.10003662109375,268.0769348144531,-1.0017835828993056,0.15761396620008683,1.014106754394177,car
16,127,21.187833333333334,486.21282958984375,262.9327087402344,-1.682284884982639,0.354644775390625,1.7192601173042192,car
16,130,21.688333333333336,478.28857421875,266.51099395751953,-1.744754367404514,-0.0018971761067708333,1.7447553988609137,car
16,131,21.85516666666667,476.3247985839844,267.02728271484375,-1.9352010091145833,0.4855058458116319,1.9951738951769016,car
16,132,22.022000000000002,475.1243896484375,266.7747497558594,-1.1233927408854167,-1.5641708374023438,1.9257833883523863,car
16,133,22.188833333333335,474.91839599609375,261.8184814453125,-0.9971720377604166,-1.8077290852864583,2.0645184713830673,car
16,137,22.856166666666667,468.57794189453125,260.9609375,-0.8166605631510416,-1.7488911946614583,1.9301696521732383,car
16,138,23.023000000000003,467.9190673828125,260.8849182128906,-1.134429931640625,-0.18785858154296875,1.149879174722931,car
16,139,23.189833333333336,466.759765625,260.6117477416992,0.8294677734375,0.9065945943196615,1.2287923118334503,car
16,141,23.523500000000002,475.3729248046875,266.74969482421875,1.0195905483835113,0.9347295683573901,1.3832151865543487,car
16,182,30.36366666666667,471.7441711425781,267.093505859375,1.3765224053607723,1.0285816037557958,1.7183695900606049,car
17,93,15.515500000000001,105.912353515625,239.77719116210938,-1.6764272054036458,-0.17960103352864584,1.6860203753994303,car
17,94,15.682333333333334,100.88307189941406,239.23838806152344,-2.8038126627604165,-0.8236592610677084,2.9222902022554607,car
17,95,15.849166666666667,97.50091552734375,237.30621337890625,-3.2561925252278647,-1.0703938802083333,3.4276132833412336,car
17,96,16.016000000000002,96.1437759399414,236.56600952148438,-2.04071044921875,-1.1460622151692708,2.3405037360767635,car
17,97,16.182833333333335,94.76094055175781,235.80020141601562,-3.7216695149739585,-1.3428548177083333,3.9565241108994877,car
17,98,16.349666666666668,86.33590698242188,233.27764892578125,-3.109458196730841,-1.0584629603794642,3.2846726040371013,car
17,119,19.853166666666667,96.40528869628906,235.65005493164062,-3.218126206170945,-1.2443658737909227,3.450330811197623,car
17,121,20.186833333333336,92.98760986328125,233.00302124023438,-2.297915049961635,-0.9673730759393601,2.4932356978217207,car
17,122,20.35366666666667,87.32320976257324,231.3114471435547,-4.024410883585612,-1.2273050944010417,4.2073935820962935,car
17,123,20.520500000000002,82.62321662902832,230.64462280273438,-4.6988525390625,-1.2985992431640625,4.874994890069155,car
17,124,20.687333333333335,78.89105224609375,229.1072235107422,-5.025087356567383,-1.1587982177734375,5.156967737987921,car
17,125,20.854166666666668,72.2479476928711,227.83505249023438,-4.342308680216472,-1.4851328531901042,4.58925530624609,car
17,126,21.021,69.5962905883789,226.18922424316406,-4.204619725545247,-1.6064860026041667,4.501069241081201,car
17,127,21.187833333333334,66.27719306945801,224.2877655029297,-3.0966173807779946,-1.8162485758463542,3.589957951313675,car
18,95,15.849166666666667,322.716796875,264.0529098510742,0.020263671875,-0.10727691650390625,0.10917395849030913,car
18,96,16.016000000000002,322.777587890625,263.7310791015625,-3.7394866943359375,-0.2934226989746094,3.7509808873665382,car
18,98,16.349666666666668,300.2190856933594,262.6142044067383,-5.7640431722005205,-0.6194547017415365,5.797233634976353,car
18,99,16.5165,294.1454162597656,261.6361083984375,-9.757105509440104,-1.8457247416178386,9.930146411013618,car
18,100,16.683333333333334,282.2270202636719,257.6354675292969,-9.043172200520834,-1.7396265665690105,9.20897736121582,car
18,102,17.017000000000003,263.9521179199219,257.1551818847656,-10.942896525065104,-1.8649546305338542,11.10067746276017,car
18,103,17.183833333333336,252.1792755126953,255.8011016845703,-10.186009724934896,-1.0369160970052083,10.23865172318586,car
18,104,17.35066666666667,242.5315399169922,254.28457641601562,-7.1598256429036455,-0.9620869954427084,7.224175705475371,car
18,105,17.517500000000002,242.47264099121094,254.2689208984375,-8.383163452148438,-1.1406046549479167,8.46040238075744,car
18,106,17.684333333333335,227.02978515625,252.37928771972656,-7.0932261149088545,-1.1360727945963542,7.183628478133243,car
18,107,17.851166666666668,221.25186157226562,250.87635803222656,-7.081632915296052,-1.2272242495888157,7.187183322121629,car
18,126,21.021,220.79359436035156,245.38327026367188,-3.1613702606736567,-1.0283869693153782,3.3244310315796133,car
18,127,21.187833333333334,217.1115264892578,244.09014892578125,-1.9071028859991774,-0.6290898908648574,2.008182140288761,car
18,128,21.354666666666667,215.09640502929688,243.7851104736328,-2.0114644368489585,-0.484283447265625,2.068941671000798,car
18,129,21.521500000000003,214.7592010498047,243.930419921875,-1.5697428385416667,-0.7051188151041666,1.7208384940390988,car
18,130,21.688333333333336,212.4022979736328,241.97479248046875,-1.689605712890625,-0.9396209716796875,1.9333015893680212,car
18,131,21.85516666666667,210.027587890625,240.96624755859375,-1.8577829996744792,-0.8770853678385416,2.0544187538951197,car
18,132,22.022000000000002,209.18585205078125,241.29916381835938,-1.3527272542317708,-0.11423746744791667,1.3575423467834584,car
19,107,17.851166666666668,571.2640380859375,346.8716735839844,-3.5656534830729165,-0.9723612467447916,3.6958586492885663,car
19,108,18.018,560.5670776367188,343.95458984375,-7.23406982421875,-1.9364115397135417,7.488755295294944,car
19,109,18.184833333333334,549.5618286132812,341.06243896484375,-17.604146321614582,-2.808868408203125,17.82682555721623,car
19,110,18.351666666666667,518.4515991210938,338.445068359375,-16.542795817057293,-1.8891092936197917,16.650310128285568,car
19,111,18.518500000000003,510.9386901855469,338.2872619628906,-21.705657958984375,-1.3126118977864583,21.745310699703335,car
19,112,18.685333333333336,484.4448547363281,337.1246032714844,-19.010426839192707,-1.1275533040364583,19.043836406085354,car
19,113,18.85216666666667,461.4203186035156,335.0624084472656,-19.827626546223957,-1.2425028483072917,19.866519266962108,car
19,114,19.019000000000002,451.455810546875,334.55975341796875,-16.821584065755207,-1.6188252766927083,16.899298380634878,car
19,115,19.185833333333335,433.9801025390625,332.26812744140625,-10.059590657552084,-2.100250244140625,10.276498201504339,car
19,116,19.352666666666668,431.2415466308594,328.76165771484375,-7.326029459635417,-2.2096761067708335,7.65201778227677,car
19,117,19.5195,429.47772216796875,327.93072509765625,-2.84112548828125,-1.9179280598958333,3.4278917840412007,car
19,118,19.686333333333334,425.45672607421875,326.51434326171875,-2.8465067545572915,-1.6057332356770833,3.268176850768373,car
19,119,19.853166666666667,422.7020263671875,323.9444580078125,-3.39013671875,-1.5035400390625,3.7085926738968085,car
19,120,20.020000000000003,419.30731201171875,323.42010498046875,-1.50860595703125,-1.2018025716145833,1.928787534885478,car
19,121,20.186833333333336,420.930908203125,322.908935546875,-0.30926513671875,-1.0194193522135417,1.0652984278863573,car
19,122,20.35366666666667,421.77423095703125,320.8861999511719,0.68206787109375,-1.007110595703125,1.2163421939388042,car
19,123,20.520500000000002,421.353515625,320.3987731933594,-1.9698893229166667,-0.9262186686197916,2.1767739815242426,car
19,124,20.687333333333335,415.021240234375,320.1302795410156,-4.601084391276042,-0.3105977376302083,4.611555977136679,car
19,125,20.854166666666668,407.9709777832031,319.95440673828125,-5.400004069010417,-0.2991536458333333,5.40828409471474,car
19,126,21.021,405.15350341796875,319.5013122558594,-4.281758626302083,-0.23399861653645834,4.288147885329199,car
19,127,21.187833333333334,402.17596435546875,319.42828369140625,-3.353729248046875,-0.16078694661458334,3.35758131865882,car
19,128,21.354666666666667,397.9097900390625,319.4720458984375,-2.6184488932291665,-0.06557210286458333,2.619269804187253,car
19,129,21.521500000000003,397.29815673828125,319.3045959472656,-3.287628173828125,-0.09181722005208333,3.2889100643292974,car
19,130,21.688333333333336,392.3130798339844,319.15283203125,-3.6310831705729165,-0.18799845377604166,3.635946700687463,car
19,131,21.85516666666667,387.01654052734375,318.9080505371094,-3.92266845703125,-0.23536173502604166,3.9297230144251127,car
19,132,22.022000000000002,385.5301513671875,318.5985107421875,-3.138763427734375,-0.10496012369791667,3.140517868576698,car
19,133,22.188833333333335,382.89678955078125,318.83795166015625,-3.4042867024739585,-0.3786722819010417,3.425282564945724,car
19,134,22.355666666666668,376.8036804199219,317.77203369140625,-2.81707763671875,-0.2671712239583333,2.829718515013868,car
19,135,22.5225,377.07891845703125,317.7969970703125,-3.04180908203125,-0.2770589192708333,3.054400781867913,car
19,136,22.689333333333334,373.7713623046875,318.00677490234375,-1.3104756673177083,0.051310221354166664,1.3114797800374989,car
19,137,22.856166666666667,372.87225341796875,317.92596435546875,-1.367950439453125,-0.0751953125,1.3700155983863727,car
19,138,23.023000000000003,372.9750671386719,317.5714111328125,-1.0359700520833333,-0.3013407389322917,1.0789069421195712,car
19,139,23.189833333333336,370.6634521484375,317.1027526855469,-1.2903035481770833,-0.53961181640625,1.3985936360657527,car
19,140,23.35666666666667,369.0013427734375,316.30712890625,-1.1642311943901908,-0.17156473795572916,1.1768044583961383,car
19,164,27.36066666666667,380.54608154296875,334.2972412109375,-3.184545728895399,-0.7697194417317709,3.276247780374036,car
19,165,27.527500000000003,372.17352294921875,332.03411865234375,-4.974381340874566,-4.5170644124348955,6.719251493323259,car
19,166,27.694333333333336,365.14190673828125,319.9964599609375,-5.464199490017361,-3.954684787326389,6.7451469838556335,car
19,169,28.194833333333335,362.1766357421875,327.306640625,-5.212816026475694,-3.971001519097222,6.553037768131227,car
19,170,28.361666666666668,354.5582275390625,324.99456787109375,-5.752173529730903,-2.1219007703993054,6.131065420916502,car
19,171,28.5285,345.9085388183594,318.50421142578125,-8.070658365885416,-6.434468587239583,10.32172042147089,car
19,172,28.695333333333334,337.96466064453125,308.00323486328125,-8.179148356119791,-9.164103190104166,12.283291705007027,car
20,113,18.85216666666667,524.7024536132812,312.38812255859375,-1.9311319986979167,-0.6474812825520834,2.0367873741876696,car
20,114,19.019000000000002,518.9090576171875,310.4456787109375,-5.3079071044921875,-1.3569742838541667,5.478618168567706,car
20,116,19.352666666666668,498.6484069824219,306.188720703125,-5.7808583577473955,-1.7787679036458333,6.048333539693268,car
20,117,19.5195,497.22955322265625,304.92333984375,-4.003646638658311,-1.1137470669216578,4.155673102677421,car
20,165,27.527500000000003,475.0650329589844,307.44903564453125,-2.105275260077582,-4.192167070176866,4.691103139451318,car
20,166,27.694333333333336,470.62982177734375,296.0852966308594,-2.1924538082546654,-7.786140865749783,8.088933383495574,car
20,167,27.86116666666667,468.9494323730469,284.0379943847656,-2.036610921223958,-7.821065266927083,8.081883812205042,car
20,168,28.028000000000002,468.9552001953125,283.98583984375,-2.3229370117187496,-4.499847412109375,5.064055992253667,car
20,169,28.194833333333335,463.6610107421875,282.58575439453125,-2.784423828125,-0.3062845865885417,2.8012187173821315,car
20,170,28.361666666666668,460.5961608886719,283.119140625,-5.404439290364583,-1.3155008951822917,5.5622393555529275,car
20,171,28.5285,452.74188232421875,280.0393371582031,-4.356041185783617,-1.1317712032433713,4.5006667138029774,car
20,182,30.36366666666667,429.1029357910156,270.70147705078125,-4.471453579989347,-1.4047407670454544,4.6869172961125525,car
20,184,30.697333333333336,422.28076171875,270.13043212890625,-4.13437675707268,-0.6184146765506627,4.1803717396418305,car
20,185,30.86416666666667,415.4377136230469,269.40960693359375,-3.4254608154296875,-0.3399861653645832,3.4422917352664246,car
20,186,31.031000000000002,415.41546630859375,269.39599609375,-3.4166056315104165,-0.6661682128906249,3.4809444306300814,car
20,187,31.197833333333335,412.03094482421875,268.1319274902344,-3.0931549072265625,-0.8121503194173175,3.19799865875979,car
20,189,31.5315,400.2855529785156,265.8143844604492,-5.182830810546875,-0.9234517415364581,5.264456128575932,car
20,191,31.86516666666667,387.7030029296875,265.1193542480469,-4.964630126953125,-0.5806884765624999,4.998474907835697,car
20,192,32.032000000000004,384.97308349609375,264.8835754394531,-3.9170379638671875,-0.27302424112955714,3.9265415630833673,car
21,129,21.521500000000003,580.7918701171875,389.32220458984375,-2.2884521484375,-3.2851155598958335,4.0036230438888625,car
21,130,21.688333333333336,573.926513671875,379.46685791015625,-3.716552734375,-5.30145263671875,6.474423857515236,car
21,131,21.85516666666667,569.6422119140625,373.4178466796875,-4.084228515625,-6.2149658203125,7.4368489775910485,car
21,132,22.022000000000002,568.5391845703125,370.67730712890625,-4.582845052083333,-4.558146158854167,6.463680466799213,car
21,133,22.188833333333335,560.177978515625,365.79241943359375,-6.944132486979167,-4.652435302734375,8.35859618852643,car
21,134,22.355666666666668,548.809814453125,359.4605407714844,-8.0738525390625,-4.621439615885417,9.302945713364188,car
21,135,22.5225,544.317626953125,356.81298828125,-8.1380615234375,-4.340108235677083,9.223046397836558,car
21,136,22.689333333333334,535.7637939453125,352.7720947265625,-5.6676025390625,-3.2564798990885415,6.536541889558684,car
21,137,22.856166666666667,531.8070068359375,349.69110107421875,-5.396504720052083,-3.18597412109375,6.2667929831631985,car
21,138,23.023000000000003,528.1281127929688,347.25506591796875,-4.69091796875,-2.9766845703125,5.555660394649599,car
21,139,23.189833333333336,521.6910400390625,343.842041015625,-5.809712727864583,-2.4708455403645835,6.313306555573813,car
21,140,23.35666666666667,514.3778686523438,342.278564453125,-6.208150227864583,0.08784993489583333,6.2087717676523,car
21,141,23.523500000000002,509.503662109375,347.51861572265625,-5.68719482421875,2.9722086588541665,6.417024955568446,car
22,139,23.189833333333336,575.8428955078125,327.408447265625,-1.9071858723958333,-1.4317423502604167,2.3847943536907907,car
22,140,23.35666666666667,570.121337890625,323.11322021484375,-2.8686116536458335,0.4083760579427083,2.897534093696485,car
22,141,23.523500000000002,567.237060546875,328.6335754394531,-3.8300374348958335,2.2484944661458335,4.4412739295152575,car
24,142,23.690333333333335,319.16302490234375,315.0977478027344,-1.4710286458333333,3.873931884765625,4.143823539276981,truck
24,143,23.857166666666668,314.74993896484375,326.71954345703125,-2.514218797870711,3.609567081227022,4.3988942562244215,truck
24,160,26.693333333333335,261.5472412109375,313.2369384765625,-2.513720344094669,3.610035017424939,4.3989933843266575,truck
24,161,26.860166666666668,261.5487365722656,313.23834228515625,-1.0421932444852942,-0.26342893114276933,1.0749704929037849,truck
26,143,23.857166666666668,549.9300537109375,382.31829833984375,-2.6041666666666665,-0.6942952473958334,2.6951307794491566,car
26,144,24.024,542.1175537109375,380.23541259765625,-6.69647216796875,-1.8435160319010417,6.945595068549292,car
26,145,24.190833333333334,529.8406372070312,376.7877502441406,-5.4678955078125,-0.2858378092447917,5.475361589662365,car
26,146,24.357666666666667,533.5263671875,381.4607849121094,2.81201171875,5.755696614583333,6.40589208662723,car
26,147,24.524500000000003,550.5535888671875,397.50250244140625,11.471577962239584,13.130716959635416,17.435963661862743,car
26,148,24.691333333333336,564.25537109375,416.1799011230469,14.810262044270834,17.798838297526043,23.154751274013915,car
27,143,23.857166666666668,502.39483642578125,400.81622314453125,-0.4564988878038194,0.3407762315538194,0.5696662835012675,car
27,146,24.357666666666667,498.2863464355469,403.8832092285156,5.404223971896702,6.262457953559028,8.271881065302964,car
27,147,24.524500000000003,515.8685150146484,421.64825439453125,11.196506076388891,13.783576117621527,17.758060674208764,car
27,148,24.691333333333336,533.245361328125,444.21160888671875,13.24419148763021,14.022588094075518,19.288379533209238,car
27,152,25.358666666666668,552.339599609375,451.1690673828125,7.38352966308594,8.10127258300781,10.961164525262086,car
27,153,25.5255,552.3397827148438,451.170166015625,-3.961120605468748,-1.6669972737630232,4.297598906575909,car
27,154,25.692333333333334,535.6826782226562,444.4287109375,-8.484191894531248,-3.064463297526044,9.020667791528183,car
27,155,25.85916666666667,526.8870239257812,441.9756774902344,-11.76521809895833,-4.225545247395836,12.501023540248463,car
27,156,26.026000000000003,517.0441284179688,438.4935302734375,-8.62684122721354,-2.8900349934895857,9.098059783445345,car
27,157,26.192833333333336,509.8021545410156,435.75860595703125,-9.665184868706595,-6.264109293619794,11.517589321932293,car
27,160,26.693333333333335,474.0700988769531,398.0328369140625,-6.374159071180553,-5.110677083333336,8.170001475815159,car
27,161,26.860166666666668,474.10028076171875,398.010986328125,-3.9501071506076357,-4.206319173177086,5.770309132786451,car
28,144,24.024,365.65167236328125,380.7223815917969,0.19340006510416666,-0.21751912434895834,0.29106383258631346,car
28,145,24.190833333333334,366.23187255859375,380.06982421875,0.5381887930410879,-0.0967384620949074,0.5468139601395623,car
28,163,27.193833333333334,384.8504638671875,386.59197998046875,1.074901439525463,0.07932761863425926,1.0778246498257937,car
28,164,27.36066666666667,386.4606018066406,387.12017822265625,0.7138886628327547,0.053448712384259266,0.7158867143456943,car
28,165,27.527500000000003,385.957763671875,386.3899841308594,0.3041178385416667,-3.86907958984375,3.881013338326053,car
28,166,27.694333333333336,385.7628173828125,374.9847412109375,-0.595672607421875,-8.50042724609375,8.521272746565842,car
28,167,27.86116666666667,384.673583984375,361.618896484375,-0.4393513997395833,-8.286641438802084,8.298280303034177,car
28,168,28.028000000000002,384.63970947265625,361.5300598144531,-0.06795247395833333,-4.053507486979167,4.054077020199939,car
28,169,28.194833333333335,385.5589599609375,362.82421875,-0.4275919596354167,0.08723958333333333,0.4364007663203966,car
28,170,28.361666666666668,383.39080810546875,361.880615234375,-1.1390177408854167,-0.19768269856770834,1.156044922727802,car
29,148,24.691333333333336,311.7971496582031,346.1292724609375,-1.9026116265190973,3.649346245659722,4.1155387280496285,car
29,151,25.191833333333335,294.67364501953125,378.973388671875,-3.7082858615451393,-1.4576619466145833,3.984490228566735,car
29,154,25.692333333333334,278.4225769042969,333.01031494140625,-5.140536838107639,-1.5507100423177083,5.369340799324129,car
29,155,25.85916666666667,274.1258239746094,332.7311706542969,-4.384847005208333,-5.528923882378471,7.056619768431591,car
29,156,26.026000000000003,270.68505859375,331.74456787109375,-3.9881795247395835,-0.5605061848958327,4.027374219619841,car
29,157,26.192833333333336,266.4580383300781,331.32879638671875,-4.42425537109375,-0.9288635253906244,4.52071045715748,car
29,158,26.35966666666667,260.8530578613281,329.944580078125,-4.300799051920573,-1.5410970052083328,4.568572256675273,car
29,159,26.526500000000002,257.7826614379883,327.12127685546875,-3.915257771809896,-2.343607584635416,4.563084475492256,car
32,152,25.358666666666668,244.2288818359375,263.2393798828125,-0.00013224283854166666,-0.0001220703125,0.0001799703573908908,pedestrian
32,153,25.5255,244.22848510742188,263.239013671875,-0.2643839518229167,-1.2136433919270833,1.2421067412866649,pedestrian
32,154,25.692333333333334,243.43572998046875,259.59844970703125,-0.3155008951822917,-1.0523885091145833,1.098663910837724,pedestrian
32,155,25.85916666666667,243.28237915039062,260.08221435546875,-0.3239847819010417,-1.062029520670573,1.1103480723085137,pedestrian
32,156,26.026000000000003,243.25653076171875,260.0529251098633,-0.10300699869791667,0.08180745442708333,0.1315404933113447,pedestrian
32,157,26.192833333333336,243.126708984375,259.8438720703125,-0.013407389322916666,-0.19059244791666666,0.1910634431054867,pedestrian
32,158,26.35966666666667,243.24215698242188,259.51043701171875,0.859832763671875,-0.6759363810221354,1.093710369646789,pedestrian
32,159,26.526500000000002,245.83602905273438,258.0251159667969,2.9313456217447915,-3.7266082763671875,4.741349639038528,pedestrian
32,160,26.693333333333335,251.92074584960938,248.66404724121094,2.8920491536458335,-3.6154073079427085,4.629807588812858,pedestrian
32,161,26.860166666666668,251.91830444335938,248.66421508789062,2.026611328125,-3.120244344075521,3.7206287428363307,pedestrian
33,152,25.358666666666668,196.80715942382812,357.5534973144531,-2.9470011393229165,-1.0453135172526042,3.1268987934567978,car
33,154,25.692333333333334,179.12515258789062,351.2816162109375,-6.0851491292317705,-1.4873199462890625,6.264276538246015,car
33,155,25.85916666666667,169.71070861816406,349.9555969238281,-10.174509684244791,-1.9648895263671875,10.362501539957353,car
33,156,26.026000000000003,157.442626953125,348.52288818359375,-10.100275675455729,-1.2878824869791667,10.182053330270389,car
33,157,26.192833333333336,148.82432556152344,347.41796875,-10.0919189453125,-1.7432963053385417,10.241382231269585,car
33,158,26.35966666666667,139.43495178222656,344.7257080078125,-9.132349650065104,-2.16314697265625,9.385042086019439,car
34,154,25.692333333333334,396.68389892578125,446.197021484375,-0.040384928385416664,0.3729451497395833,0.37512534859027513,car
34,155,25.85916666666667,396.562744140625,447.31585693359375,-0.340057373046875,0.046427408854166664,0.3432120645555069,car
34,156,26.026000000000003,395.6637268066406,446.3363037109375,0.11275227864583333,0.2678426106770833,0.2906075367813837,car
34,157,26.192833333333336,397.02215576171875,447.00054931640625,0.063201904296875,-0.014078776041666666,0.06475100494650839,car
34,158,26.35966666666667,396.7523498535156,447.27362060546875,0.2822774251302083,-1.5584513346354167,1.5838090500957027,car
34,159,26.526500000000002,396.51055908203125,441.66094970703125,-0.251129150390625,-3.6507568359375,3.6593840089993703,car
35,156,26.026000000000003,516.6885375976562,438.58526611328125,0.0,0.0,0.0,truck
35,158,26.35966666666667,487.0679016113281,429.85174560546875,-14.810317993164062,-4.36676025390625,15.44066430480679,truck
39,175,29.195833333333336,316.9697265625,266.83135986328125,0.12916056315104166,-0.48361968994140625,0.500570130523702,car
39,176,29.36266666666667,317.3572082519531,265.38050079345703,0.12969970703125,-0.48455810546875,0.5016159602519206,car
39,177,29.529500000000002,317.35882568359375,265.377685546875,-1.99285888671875,-1.109723409016927,2.2810025398701432,car
39,178,29.696333333333335,310.99114990234375,263.50218963623047,-3.9585774739583335,-0.5601247151692709,3.998008918683624,car
39,182,30.36366666666667,288.95245361328125,264.29393768310547,-4.907623291015625,-0.8387425740559896,4.978780520574602,car
39,183,30.530500000000004,286.10693359375,263.4552688598633,-3.7989298502604165,-0.6710484822591146,3.857742095156426,car
39,184,30.697333333333336,283.0653381347656,262.0828552246094,-3.6300862630208335,-0.8365859985351562,3.7252385708726927,car
39,185,30.86416666666667,278.06219482421875,261.7841796875,-2.71453857421875,-0.5326970418294271,2.76631267381245,car
39,186,31.031000000000002,277.96331787109375,261.857177734375,-2.9975077311197915,-0.4830322265625,3.036177321900163,car
39,187,31.197833333333335,274.07281494140625,260.6337585449219,-3.2670186360677085,-0.71124267578125,3.343542569231949,car
39,188,31.36466666666667,268.2611389160156,259.65045166015625,-3.7359110514322915,-0.7346089680989584,3.807450816520858,car
39,189,31.5315,266.7555847167969,259.6533508300781,-2.9409281412760415,-0.325836181640625,2.9589233767395013,car
40,176,29.36266666666667,155.89065551757812,229.94924926757812,-0.0007527669270833334,-0.0007985432942708334,0.0010974194454880955,car
40,177,29.529500000000002,155.88839721679688,229.9468536376953,-1.6084798177083333,-0.576416015625,1.708643540076172,car
40,178,29.696333333333335,151.06521606445312,228.22000122070312,-3.2162068684895835,-1.1520334879557292,3.41630908705448,car
41,180,30.03,378.98736572265625,253.85472106933594,0.0,0.0,0.0,car
41,191,31.86516666666667,367.9312744140625,251.883056640625,-1.0050992098721592,-0.1792422207919034,1.020956510043426,car
42,184,30.697333333333336,303.9980773925781,254.477294921875,-0.9944025675455729,-0.09052149454752605,0.9985141998571405,car
42,188,31.36466666666667,292.06524658203125,253.3910369873047,-1.1884536743164062,-0.12732060750325522,1.1952542294805588,car
42,189,31.5315,291.48309326171875,253.2806396484375,-1.6817398071289062,-0.2547111511230469,1.700919324773635,car
42,190,31.698333333333334,290.00323486328125,252.89846801757812,-1.6339925130208333,-0.2788747151692708,1.657619570157423,car
42,191,31.86516666666667,287.16326904296875,252.55441284179688,-1.8464762369791667,-0.23260498046875,1.861069469597417,car
42,192,32.032000000000004,285.94366455078125,252.58282470703125,-1.7597249348958333,-0.09574381510416667,1.762327643948436,car
